ticker,Mkt-Rf_capm,Mkt-Rf_3 fatores,SMB_3 fatores,HML_3 fatores,Mkt-Rf_5 fatores,SMB_5 fatores,HML_5 fatores,WML_5 fatores,IML_5 fatores,Mkt-Rf_completo,SMB_completo,HML_completo,WML_completo,IML_completo,BAB_completo,ret_esp_capm,ret_esp_3 fatores,ret_esp_5 fatores,ret_esp_completo,ult_atualizacao
ABEV3,0.7759730697317679,0.6689992632116739,0.05886672184054903,0.30217647816401483,0.6736655665085549,-0.25125161803140017,0.293551795503614,-0.044966376976104505,0.43041510184534304,0.6598391848271055,-0.2735423743606355,0.39629424153130366,-0.029834961983333068,0.4744447292670114,0.3080262739845185,0.11329697463052524,0.12822842870490758,0.1409588814276801,0.18987196166581,2026-06-03
AGRO3,0.3838283784980562,0.22728236100562818,0.37717122841975464,-0.23096108995664816,0.11699297752069086,0.2198086219292925,-0.275223486747542,-0.45859225021600913,0.0572868483771751,0.13785267690141018,0.25343842376100056,-0.43022980634399627,-0.48142083800030266,-0.009140132522195532,-0.46471561574932135,0.12132094731936038,0.15821906937835117,0.08509984339289312,0.017955045231188294,2026-06-03
ALOS3,1.5594658735703728,1.5136458106554305,0.13824192859995443,-0.13201168424177215,1.6327810087137773,-0.21318703879428966,-0.10147790574755772,0.38942226344344655,0.6505700647884121,1.6506692052301655,-0.18434786460519345,-0.23440328763422968,0.3698456503281839,0.5936057305172985,-0.3985160143986246,0.09742274215954905,0.10927277204986763,0.2066776805367745,0.1429335461966672,2026-06-03
ALPA4,1.1688640427116297,1.0021834837529753,0.1458450836122267,0.3456447051341643,1.0720491515356048,-0.7016156147313197,0.3422971132383823,0.09804614456783567,1.2578779390300059,1.1064787762027988,-0.6461085130437472,0.0864540491872422,0.06036680438416325,1.1482380071020293,-0.7670285144196026,0.10531054663167594,0.1312159748153512,0.20888859962973694,0.08875944466734009,2026-06-03
ALUP11,0.956799581309407,0.8404329830874577,0.22036579598918593,-0.032897017081066945,0.8349452294757922,0.26889879778475595,-0.03323164417047872,-0.011365508558374975,-0.07416320197612064,0.841543634154387,0.27953668080006155,-0.08226372300198334,-0.01858671811141449,-0.095175590196654,-0.1470002820850993,0.10961470559319508,0.1336548876922865,0.12828415860934772,0.105828453500312,2026-06-03
AMBP3,2.2146030474099194,1.8388102455746596,4.693709665403587,-9.317105499869948,2.9717538531373533,8.126503407549194,-8.802232943895104,5.0799442226457625,-3.070234368326794,3.001708627283401,8.174796199312835,-9.024823845613156,5.047162101548471,-3.165624295752293,-0.6673371009737243,0.08430868020077287,0.38429021183348344,1.510914314890786,1.3048981952864667,2026-06-03
AMER3,-0.8424303894042697,-3.1540199249392162,6.847508621963431,-6.3668311593217695,-3.742054726022553,7.194716052830876,-6.56351755024237,-2.204054674097744,-1.3154026146048707,-3.85855217065915,7.0069000203213125,-5.697836803558102,-2.076561363048863,-0.9444205890032342,2.5953481269992724,0.14675569603015037,0.9345096514467861,0.33871400702272525,0.8895315806269384,2026-06-03
ANIM3,3.2601951854018716,1.7000755195957336,2.5537316779378445,0.48580367551452014,1.482075828481967,2.535791145198244,0.4080269187574636,-0.846901313373249,-0.2872604297479635,1.5545352505581507,2.65260951159879,-0.13041172942826545,-0.9261999766701052,-0.5180049174026086,-1.614262235154613,0.06367606688710681,0.3902513008184909,0.21460626207726952,-0.026475605820861947,2026-06-03
ARML3,1.5412391921915747,1.0420026240417712,0.9183219045747213,-0.07846746300737052,1.2440608958657573,0.6024275570976465,-0.01739742532768923,0.71740192456834,0.7206091830987592,1.2747994237872746,0.6519839089765473,-0.24581232220444327,0.6837620733792636,0.6227234192701288,-0.684797689053876,0.09778966057053662,0.20186123904687014,0.37433137157863317,0.2530317425062987,2026-06-03
AUAU3,2.1883096589543634,1.8482955622552568,0.04976064259553675,1.2781555702203375,1.912002388807701,0.599859152611347,1.3189401066553132,0.35820818600050097,-0.6605363739037768,1.931263270608564,0.6309113564923696,1.1758144390393355,0.33712932369435045,-0.7218719763081667,-0.4290969099121317,0.08483222285554026,0.12492398410201244,0.15380823890190976,0.08806547772300943,2026-06-03
AURA33,0.6600337336881079,0.4881747916406157,0.5414413099431039,-0.5481855820799924,0.8306661983435666,-1.569448987981509,-0.49687855235943496,0.895873634343882,3.3741092760438995,0.8269429193382225,-1.575451621712158,-0.46921124206335146,0.8999483431911981,3.385965927420174,0.08294778673440178,0.11566380042132152,0.16258253342914508,0.5201921892927799,0.5370849084040721,2026-06-03
AURE3,0.972345824774721,1.1492600370221222,-0.15122121784779702,-0.3751430836973533,1.1320977713699603,-0.08868836149479561,-0.37914711171784354,-0.05367950315402001,-0.10998881964793172,1.1374154660995979,-0.08011522644163682,-0.4186623642502134,-0.05949912014513517,-0.12692283196456022,-0.11846842735107643,0.10929865070261302,0.08248199390528965,0.06901584045856546,0.05176183918123445,2026-06-03
AXIA3,1.7816985941659391,2.2035464818939823,-0.6079307171403019,-0.3223839285559488,2.3061827020073267,-0.7184487069817702,-0.28970820600853636,0.3745550626985445,0.29779637490213057,2.3230011073769914,-0.6913342395398334,-0.4146840779159889,0.35614921530996424,0.2442387530084457,-0.3746830414300641,0.09295804303021926,0.019502182600179108,0.09113440886306545,0.03641460031068822,2026-06-03
AZEV4,-0.29011406493205094,0.5355892022995405,-1.797721275369497,0.7748528707664739,0.34426147178859434,-0.4800768092347159,0.7507781885275197,-0.4723379832327853,-2.074040758833478,0.3722403014195543,-0.43496961575128623,0.5428703309617476,-0.5029576559651034,-2.1631383602687313,-0.6233167028243489,0.13523494619830512,-0.03592690492164574,-0.17739010868002503,-0.24650813022369844,2026-06-03
AZTE3,-0.6184409490416158,-1.3526990189184338,2.5700386970137683,-3.229975969353189,-0.5964325035399507,1.139959214285453,-2.5204637158465872,1.6663934311468653,1.7876401414307794,0.7190084786125392,-4.290387361805744,-0.8993752508683786,4.12922829996389,6.51027926439646,-3.7490300434850923,0.14207065006831465,0.3674802007566751,0.7783116204791749,0.6082232445385234,2026-06-03
AZZA3,1.720301669784714,1.0525747431451518,1.2290200343776696,-0.10672668529239324,1.101522781688939,1.458823744672415,-0.08178146590379815,0.23603475121292722,-0.24399725498117775,1.0920316499085883,1.443522235522822,-0.011253824099092369,0.2464217242495717,-0.21377307878477658,0.21144490478807124,0.09418985177995687,0.23499621695681316,0.2655519246321667,0.3022472397376139,2026-06-03
B3SA3,2.0278730779514156,1.9691334840141885,0.1322277101279086,-0.06516063302232002,2.011856456113065,0.30435420800243607,-0.04433070388545038,0.2002351877430804,-0.17409071638053536,2.0329314380109658,0.3383310861873772,-0.20093676612692268,0.17717099752980775,-0.2412032569035463,-0.46951171303267825,0.08803179097946368,0.10091978434978843,0.12574694405085451,0.05559808763835483,2026-06-03
BBSE3,0.5749506948440868,0.8198988252642119,-0.39316182648704573,-0.09429152675958095,0.7421422439274848,-0.39597503854021654,-0.12191427255103239,-0.3013458654786618,-0.10736030838386589,0.7387140113834454,-0.40150200127274954,-0.09643942271385775,-0.297594051698981,-0.0964432221131008,0.0763746959415901,0.11740364854973984,0.07137511280009834,0.019986802928243508,0.03077319782253607,2026-06-03
BEEF3,2.0442489749332937,2.148420247183863,-0.3927198278866261,0.48153939994027617,1.6616370655181156,-0.4482438836720375,0.30735507661800754,-1.8942335190059834,-0.6203098281189909,1.6956420156328305,-0.39342143811407493,0.05466772628088293,-1.931448100799613,-0.7285973988325957,-0.7575675489211919,0.08770481240951744,0.05770216531093619,-0.22452376093187065,-0.30340935528066626,2026-06-03
BHIA3,7.494100080051427,5.822323568760647,1.3728336338410578,3.6748563601529876,3.9545443491232124,-0.5071471320675105,2.951274601734636,-7.606866436225289,-0.1024399666653597,4.2566559539105535,-0.02008577923477206,0.7063137750820541,-7.937493506379339,-1.0645037737418832,-6.730489154293947,-0.016245504964642943,0.2364479684223728,-0.6168601435069541,-0.866057683560798,2026-06-03
BLAU3,1.7938158439976588,1.6458192318837608,-0.15704443717943045,0.969695112081765,1.8541891700195592,-0.380945929431627,1.0360482604354901,0.7605094409368403,0.6039380610981293,1.8357458280338093,-0.41068010367713503,1.1730988722440396,0.7806935981422235,0.6626702366413901,0.4108836312044691,0.09271508444905496,0.10133166416562922,0.2624922542128749,0.33453089840242467,2026-06-03
BMOB3,1.41382167319907,0.9882902428107194,0.639755807619272,0.26386349077181437,1.0494631772306393,0.5042914978663695,0.28103256481988537,0.2090996857676238,0.2725836177645519,1.0813426823352192,0.5556873219188895,0.04413918171654729,0.17421116376560622,0.17106445212304677,-0.71021655557278,0.10035782484643496,0.18121482822290025,0.23172419786036347,0.11816340832384586,2026-06-03
BRAV3,-0.17130507610505977,-0.5115330663191299,0.8267408213977143,-0.5181926149442286,-1.0265126662459905,0.17867654798823318,-0.7219955479195244,-2.123706270093825,0.14900384277718914,-1.0520273615404503,0.13754200760544322,-0.5323984237694661,-2.0957833144131985,0.2302544948620816,0.5684203361713115,0.1327706211396642,0.2155178550521133,-0.10731382698341219,-0.03398838646031388,2026-06-03
BRFS3,1.2900878579957027,1.575875590694083,-1.359073294655623,0.47229284441031344,1.2269405399742739,-0.9819210073066337,0.42566538071255716,-1.0900615888078091,-1.0797425516990327,1.2798691143240961,-0.836809883604106,0.29052021994350674,-1.0604573949232887,-1.249379190786994,-0.40527289044335907,0.10285701185423268,-0.0215290297761076,-0.2119854674668198,-0.2524142869720163,2026-06-03
CAML3,1.3482616449996019,1.2206017944039198,0.33084403707451865,-0.24216735290499575,1.1035651945176002,0.01955727987893552,-0.293919359822856,-0.5159690388239858,0.2579571577401368,1.1008830178740148,0.015233101118966919,-0.2739883760420375,-0.5130336990645992,0.26649845516827286,0.05975394696362206,0.10168136497439795,0.13237539763881134,0.060618506916270576,0.06935591697907073,2026-06-03
CASH3,1.9101692303483477,1.0794668690061413,0.9805979736285539,1.1357109103509222,0.8448139396321432,1.5636566307663968,1.0719541712652312,-0.7891949464104773,-1.1322744491685162,0.8162277723460843,1.5175702934989095,1.2843750936144858,-0.7579106111285672,-1.041242802276594,0.6368470652330193,0.09038464370863375,0.23720997603645877,0.051058427249605964,0.1468461656539588,2026-06-03
CBAV3,-0.461740991088066,-1.4595522587140533,1.0966151534970572,1.5521054389889355,-1.579140828318173,0.36450168357629964,1.485504457638729,-0.6113528351524529,0.8293194229538593,-1.6258130010698744,0.2892572664805442,1.83232066020097,-0.560275407175197,0.9779453197764636,1.039769898060595,0.1388034938451177,0.3197684176050186,0.24905811652708887,0.4368405165728242,2026-06-03
CEAB3,2.1255968777969843,1.1623518441553076,0.8450019959950296,1.9924690887412502,1.4227347557270476,1.348222055726957,2.1013328262195325,1.1094552860971048,-0.3152042921695768,1.486876694557686,1.4516310575829308,1.6247005560964112,1.0392591699151343,-0.5194620462141795,-1.428964054323168,0.086081868386928,0.24126765429965857,0.43961859749738275,0.18709000071688564,2026-06-03
CMIG4,0.4296566375955686,0.4252028152554191,0.058868551836060934,-0.11791805144546691,0.4571318610959427,0.471182528700265,-0.09295029460744147,0.20728897426824522,-0.5177166987702825,0.43600865314544607,0.4371279009484498,0.06401413056080804,0.23040594245569204,-0.45045058407459193,0.4705861005067685,0.120380492295034,0.12381402432881794,0.13404695663340616,0.20912341328328576,2026-06-03
CMIN3,0.9287267290283213,1.2507060535516974,-0.7432228419061094,0.39978457620156993,1.2802118392893789,-1.2391478094223773,0.3937969450978183,0.013360413472379104,0.719823189949929,1.3255976596435008,-1.1659772369888475,0.05653949730061861,-0.036309246919460976,0.5752936372109234,-1.0111123399816848,0.1101856353645514,0.03983204196909451,0.07363795186667632,-0.06619587644703118,2026-06-03
COGN3,2.152480449937773,1.0025054406661633,1.5946130692841756,1.0237044127657418,0.9574379520191443,0.7781582219161529,0.9806925069025041,-0.34023227068150386,1.0511393169919416,1.0148617075032558,0.8707362347684406,0.553982378796535,-0.40307609307064474,0.8682753821339513,-1.279295324509933,0.08554601169072829,0.3061440071593553,0.29774728782640314,0.09045497036478056,2026-06-03
CPFE3,1.037192075947433,0.7962371833672625,0.3820914453780818,0.10353544524122339,0.8109551026436874,-0.027166710503156888,0.09518419291151714,-0.026230511609782237,0.580253824313851,0.7999304439818156,-0.04494055658282198,0.1771073181107026,-0.014165266398863618,0.615361463066842,0.2456090543286407,0.10798121719841447,0.15441986127723517,0.17791011402589785,0.21790921392913298,2026-06-03
CPLE6,0.9440358845002133,0.7366597615866752,0.3692633790294002,0.0057931883251666726,0.7378486845159733,0.5971243293759682,0.006323871581071932,0.050086033796619814,-0.2876368352338381,0.7236595179757497,0.5469884637265703,0.05205200018181791,0.040190836759961185,-0.22776844405093888,0.13025597047661003,0.1098742530560124,0.15209319396868137,0.14832572065475946,0.16748685223049264,2026-06-03
CRFB3,2.1511387956112005,2.242212797267744,-0.13074526084040544,-0.08962799184457049,2.4653844490515135,-1.1992183518238848,-0.19731164789631428,0.2177041728972407,1.5384615361952578,2.509158757081103,-1.1604812948355474,-0.2686033673534392,0.23170386969614554,1.4780863096084937,-0.21124548928697884,0.08557274846365348,0.06903601351384991,0.16556188456219578,0.13402674182424312,2026-06-03
CSAN3,1.2332721597298963,1.032779483855366,0.20754540605021277,0.3414763256051478,1.087055403435068,0.41206810525035353,0.3674700996176642,0.2515066752667222,-0.20183390496378217,1.1046734123416668,0.4404716856368378,0.23655245457463156,0.23222575201044152,-0.2579378362699664,-0.3924967329526561,0.10400632278484845,0.1368188947739548,0.16983136192167492,0.10879067244088558,2026-06-03
CSED3,1.2808121732374544,0.17877306411978486,1.8747760323279783,0.1792382160362616,0.2454735209442639,1.4249542958093213,0.18794704399725345,0.16660324804766669,0.7100226311080937,0.2520877875970886,1.4356177513432093,0.1387970964370526,0.1593646793532255,0.6889597309870777,-0.14735365760537722,0.1030445724793092,0.33690918787934043,0.4098322232541416,0.3822188184390982,2026-06-03
CSMG3,0.9501326907799101,0.9907280478039457,0.09685791426808166,-0.39038629938396197,1.1307936869199937,0.320611272815402,-0.3333816220387199,0.5872619754248463,-0.10541751508350855,1.0553213137131787,0.19893545628566378,0.22744596173805004,0.6698579738424087,0.13492160974938341,1.6813852274058316,0.10975026866289372,0.1100143896421204,0.2048300628571882,0.5108689800280999,2026-06-03
CSNA3,0.4819109707818168,0.23142328466815168,0.22152768320126504,0.5139957723132328,0.09152686022297665,-0.32731196399503837,0.4462782179993849,-0.6526652729776394,0.54985307177864,0.09598719967731664,-0.32012104867004365,0.4131338859383432,-0.657546611338405,0.5356492772593389,-0.09936813365059155,0.1193090481858512,0.1590231195744336,0.07700050545664161,0.062411705963934194,2026-06-03
CURY3,1.8306718512364255,1.8214555743522862,0.005922292226523726,0.02406622096938659,1.801566907358458,0.09979777137692863,0.020135556763848678,-0.05785678494099172,-0.15671414618614254,1.867038437523398,0.20535032728292135,-0.4663767722966444,-0.12950798884682535,-0.36520593719147354,-1.4585848961357755,0.09197640228347281,0.09327455987233879,0.07692196756877845,-0.11984668868986315,2026-06-03
CVCB3,2.1781762567681646,0.5445991957209092,2.4774692990678613,0.9632075607460475,0.2858444992007013,2.375443016124864,0.868215143782383,-1.0216341439483767,-0.23065290788933013,0.2808693203911641,2.367422081863622,0.9051851951012141,-1.0161893719925053,-0.21480962550446758,0.11083780459818099,0.08503405665959995,0.4230687633123482,0.21505587263853232,0.23347144979058276,2026-06-03
CXSE3,0.749947760835808,0.7070631580340956,-0.07420985724210966,0.3473798298675498,0.6635594355188423,0.19450099865229034,0.3408820514284491,-0.11367667555863385,-0.4293801392412717,0.6273005069912831,0.13604471130334822,0.6103184877350425,-0.07399536866401593,-0.3139148533437157,0.8077820293359546,0.11382786331737837,0.11493965098060821,0.07698412274722788,0.2025713331470267,2026-06-03
CYRE3,2.23180346663628,2.1081155118877306,0.1317478748134283,0.20208446573174038,2.2580246407171147,-0.06404664510650082,0.24867112801064933,0.5400855514638165,0.48192484105304617,2.3039860037639563,0.01005181158598023,-0.09286311941537945,0.4897860245219108,0.3355624927996755,-1.0239343692906968,0.08396631816669542,0.10395181650616836,0.21921518625346725,0.06012223912177128,2026-06-03
DASA3,3.597517378600719,3.396646173904281,0.3738412025789542,-0.04162964879973996,3.6862463459546007,-1.6857044329001423,-0.0073471552195781276,0.70171562299477,3.228309762412615,3.656966478280252,-1.7329091470992941,0.21022858466225308,0.7337591350951543,3.321550473855371,0.6523014299967408,0.057096887064009394,0.09675907703965492,0.3879645258643152,0.5145623287397276,2026-06-03
DESK3,1.4904216483452943,1.3920961947993806,0.3377354533424233,-0.37830970213487397,1.323411814991966,-0.2455039143286025,-0.4219547583545994,-0.384196368942609,0.6987009075417399,1.307261190190636,-0.27154179251725263,-0.3019410964150822,-0.3665213320535752,0.7501320056419623,0.3598061224326316,0.09881325435321964,0.12646870532224685,0.09574408680664948,0.15098422219747487,2026-06-03
DIRR3,1.3624557136809226,1.366921116253834,0.15516509296930692,-0.37720836319986023,1.502358242158957,0.3762994050542414,-0.3219291898334158,0.568825993462905,-0.10845839304228333,1.5563964044212617,0.4634191978692176,-0.7234813165998237,0.5096873209254131,-0.2805410250553322,-1.2038705539975236,0.10139468831416809,0.10852341920291542,0.19982610783106147,0.017543765730157812,2026-06-03
DXCO3,0.8344940910758382,0.8112858536073249,-0.04719642420453657,0.20426862235813611,0.9507679701582774,-0.23319653665114332,0.2474881967317293,0.5017425237659829,0.4536296124945175,0.947470797315516,-0.2385122062244775,0.2719891551636777,0.5053509074874938,0.46412934374426584,0.07345492760420341,0.1121040549819805,0.11235692058148183,0.22012639527700406,0.23234900051753682,2026-06-03
ECOR3,3.231585480228742,3.333212168927414,-0.051508486383876256,-0.2972861549044987,3.439828004535743,-0.3407882041239585,-0.26912530834884363,0.35362426291320165,0.5477454881519459,3.485593400113455,-0.26700568425453575,-0.6092033413014021,0.30353920025911896,0.4020071914292887,-1.0195685756413575,0.06423579777966815,0.05099347953389599,0.13286502586366988,-0.015216567474331866,2026-06-03
EGIE3,1.0438352410928387,1.1277487244803592,-0.21664466238363833,0.15727098143155338,1.1210756685819119,-0.3764660314337758,0.14961220421450738,-0.0582882449861213,0.20883425084470889,1.1134550694911973,-0.3887518862096373,0.20624010649691815,-0.04994835896302297,0.23310178131106754,0.16977288762338277,0.1078463339302016,0.08802655645781265,0.088107614228355,0.11369780872764101,2026-06-03
EMBJ3,-0.5976538241963647,-0.913067253827456,0.8718677398622561,-0.7242564241185947,-0.8799460560069761,0.6298625665275256,-0.7205495729997411,0.07894211987301591,0.3780411950965531,-0.9466046397638832,0.5223962545154227,-0.2252163685710853,0.15189242002344489,0.5903131166225106,1.4850302600334242,0.14163674980758567,0.22439229752933176,0.25801427619620876,0.5356500556480581,2026-06-03
ENEV3,1.268109798498985,1.4101898990734631,-0.3174687827893167,0.15214015695626387,1.5312617118008371,-0.5883102705030314,0.18603011610324474,0.41328883504182956,0.543226077505954,1.542221807318854,-0.5706405124878152,0.104586753106195,0.401294246908478,0.5083240378196363,-0.24417070660346818,0.10330147053383998,0.07241669057128819,0.16577264257985758,0.12756972850735582,2026-06-03
ENGI11,1.3520910876583276,1.3016549201876426,-0.07047831376860153,0.3696920522630426,1.293109465105979,0.1241185734573959,0.37311515358850394,0.006487161189490054,-0.2781159377303268,1.301557658819281,0.13773866813032348,0.3103374792396977,-0.0027584337868729047,-0.3050189142394881,-0.18821016889031975,0.1016040152392228,0.10372273727578984,0.09208289627748356,0.06425138965699229,2026-06-03
EQTL3,1.4078705433010357,1.2998203321280348,0.2668245683318233,-0.17443789791609732,1.3032239441776565,0.4439533703272898,-0.1673631211798054,0.04915842860801971,-0.2371587187711583,1.3126014090316154,0.45907162677799923,-0.23704611553305577,0.03889585119951764,-0.2670209266280061,-0.20891261538518505,0.10047790737552198,0.12572093676321594,0.12280401983338862,0.09115555649363083,2026-06-03
EVEN3,1.5213090435921508,1.134824885877495,0.6934424110274587,-0.020320208457259403,1.3414503617308275,0.6101191773860658,0.05007383331285814,0.7823272338744999,0.40935895271487477,1.3695502557702826,0.6554215497161427,-0.15873364164682635,0.7515750698043923,0.3198758259178307,-0.6260137944799655,0.09819099991607216,0.17711401992744658,0.3419149656630831,0.23304588664078874,2026-06-03
EZTC3,2.1745508768074515,1.7607715749522967,0.6415253292548414,0.21161440161902695,1.7866692614696236,0.6999074465827121,0.22271809254295716,0.11203947094892702,-0.04273474440641034,1.8441822629660218,0.7926293409767549,-0.20465521366786465,0.04909797886720357,-0.22588288005968915,-1.2812835610034568,0.08510627415683203,0.1636642347948838,0.18087849054146732,-0.00939065882926815,2026-06-03
FESA4,0.16462451355163527,0.3155421476034821,-0.05664504612614151,-0.48738153055523586,0.2906263169591719,0.3338042542560033,-0.4832641152858438,-0.017038529568503512,-0.569138286620932,0.2921657016878839,0.33628603514960453,-0.49470312775124714,-0.0187232124957028,-0.5740404032864026,-0.03429465156816516,0.12582931024002875,0.10615560792823309,0.07756826607611123,0.07251020719084589,2026-06-03
FIQE3,1.5998505592753287,1.843788286799374,-0.48941718552611096,0.13249599786437355,1.9092565898067992,-0.9589966236304498,0.1401138494546855,0.15782230680458256,0.735257114677671,1.9262730309693636,-0.9315628848342496,0.013666393568694715,0.13919973158114077,0.6810688547487843,-0.3790949135169158,0.09661016495287278,0.046965791500027,0.10500489801862578,0.04901001032075958,2026-06-03
FLRY3,1.201456466053909,1.2448630516821,-0.09207732325573191,0.035118391588033426,1.3022648266348964,-0.3119596486430107,0.048154831824587685,0.17735844881851048,0.3825379080709048,1.3175622991066707,-0.28729721423481125,-0.06551914130895659,0.16061709090984988,0.33382364363474554,-0.3407994626087171,0.10465039415045774,0.09535814791923003,0.1423652904134025,0.09034165952160467,2026-06-03
FRAS3,0.7836944680792087,0.8825610514487424,-0.265964257207623,0.2100791496268874,0.91048082369678,-0.7472060295141465,0.20401656968580317,0.01020911273615771,0.697492017744005,0.9259276932788145,-0.7223027385566467,0.08923244171267396,-0.006695743456157227,0.6483020034512177,-0.344127754585444,0.1131395109206601,0.08920041616740026,0.12290995266680471,0.07121124187628491,2026-06-03
GFSA3,1.5338980472532469,0.912104411675533,1.14134417859208,-0.0921428184784947,-0.17258587639287393,-0.6042120174360813,-0.5340193284098643,-4.550444797201694,0.8338254723278264,-0.11321307328261343,-0.5084917692029438,-0.9752126326025836,-4.615421632345109,0.6447548636788447,-1.3227165095989237,0.09793747575176903,0.22878855725309677,-0.3575033590685527,-0.46917692293585744,2026-06-03
GGBR4,0.07468925643165825,-0.11312543471454106,0.4142412718486602,-0.1885795537836075,-0.13233951846939357,0.287653060697062,-0.19957716186914218,-0.10004582815034091,0.14548924991592302,-0.1631753168457489,0.2379398903491795,0.02956054193473423,-0.06629952542154732,0.2436847680956461,0.6869646953222643,0.12768380971576776,0.17033127305759121,0.16021636273686668,0.27365812297099756,2026-06-03
GGPS3,1.3780958300442125,1.4900476603579245,0.01208966276806625,-0.48670310630440433,1.6041468942395074,-0.2506331859358027,-0.45501273366073935,0.3879675606217721,0.5221609842316607,1.595851111723481,-0.26400756477804044,-0.39336761152774447,0.39704635873626354,0.5485786126298344,0.18481472861595508,0.1010788851126827,0.089370620341505,0.1786561812835905,0.2086576106444089,2026-06-03
GMAT3,0.7820981311822577,0.43832231375026937,0.2143603752340229,0.912835855973656,0.3513905222604659,0.37083220669565076,0.8872430760160439,-0.30447009265589475,-0.3381272652196972,0.37639537431828407,0.411144782835307,0.701434545471315,-0.33183508242956217,-0.41775433940330275,-0.55706196952724,0.11317206359981635,0.16310278771986386,0.09661071022078249,0.015805341207996593,2026-06-03
GOAU4,0.0148766799308509,-0.07725366812970086,0.2685652883119486,-0.2436982547344234,-0.153417715686966,0.10107226503195765,-0.2762143668452941,-0.3286487994430499,0.11993355699080657,-0.18644880454190405,0.04781986900251978,-0.030763681184892408,-0.2924999989367156,0.2251199006866522,0.7358717168417663,0.1289187179619724,0.15301312710433046,0.10400106276027077,0.2204918728576779,2026-06-03
GRND3,0.8060376775528434,0.8380306025264684,0.07933105438697786,-0.3145954093580165,0.7358026598562072,-0.4610897340173013,-0.3686975468488901,-0.5052471675500166,0.5922215590690167,0.703613099182665,-0.5129854266034348,-0.12950017212331982,-0.47001932470521446,0.6947280857928358,0.717124021592194,0.11268397728502211,0.11304089813096807,0.05872958970960873,0.167865580900749,2026-06-03
HAPV3,0.8634253792345665,1.1772773986912433,-0.6308567122110783,0.1731744633201428,0.91908211198541,-0.7526132513338769,0.0777262780492829,-1.0234794691398965,-0.20289370521614383,0.9669280150529147,-0.6754765577865814,-0.2778117959613873,-1.0758414125389886,-0.3552573050538238,-1.065918443946949,0.11151473910672194,0.047179537032679075,-0.108765093176175,-0.23249815230014614,2026-06-03
HBOR3,1.8209238318561436,1.1790784452765117,1.0665182638687614,0.1631011318421061,1.0577136118594983,0.5045320860318807,0.10150898757815716,-0.5836536634160931,0.594319429573776,1.1395836537869473,0.6365221610431516,-0.50685902639768,-0.6732511885257797,0.33360715313646655,-1.8239134827083494,0.0921717312725292,0.22079988334046763,0.1484629805964386,-0.10689175808368667,2026-06-03
HBRE3,2.7798720974058666,2.9643787925652925,0.02910867415042434,-0.8233735366144996,2.8348099980943973,-0.9376172522405661,-0.9012826348870315,-0.697631330613078,1.1356174382718458,2.8735073875503607,-0.8752297022065867,-1.1888390281063608,-0.739981257910445,1.0123869590913737,-0.8621064398243505,0.07310914690820769,0.054754930959921566,-0.0028018743644547817,-0.11522208651542087,2026-06-03
HBSA3,1.2582826679727748,0.9644930971595368,0.5435142265243591,-0.05335223473525075,0.746875556124188,-0.21965420804551417,-0.15568923223666115,-0.9968541231252712,0.7315555341647106,0.7515964595322433,-0.21204321408141813,-0.19076978872489395,-1.002020619339093,0.7165219828756412,-0.10517301779501684,0.10350025609343905,0.16414184614186866,0.03584593127071467,0.020952372997268043,2026-06-03
HYPE3,1.1643063913552083,1.3199243510321812,-0.16748581059486473,-0.2502571855087986,1.3073184464517889,-0.1819044634114526,-0.25519808288987317,-0.05169142976426394,0.0016730113124152068,1.3063626202478296,-0.18344543700067134,-0.24809543489166544,-0.050645385811023125,0.004716806327613066,0.02129404431077994,0.10540288968922917,0.08019890838572219,0.0720475371984477,0.07518435039254112,2026-06-03
IGTI11,1.516435852450414,1.5065608463407996,0.026921098999069984,-0.021806659961174202,1.5781235734420334,0.025309289065414298,0.00347652997420958,0.27648793170192026,0.10454840527349336,1.5880923820112003,0.04138090402785996,-0.07060067981033341,0.26557819530675586,0.07280308410047827,-0.2220866623221395,0.09828915328098442,0.10069439440893002,0.15143953959929735,0.11703693006448335,2026-06-03
INTB3,1.2170014626356749,1.1187667425562937,-0.12728933669183307,0.6969624343327215,1.0795525045025305,-0.26274449374016984,0.6785899872490939,-0.17921122211388457,0.12900153337237208,1.0791404650777838,-0.26340877964133325,0.6816518106048874,-0.1787602914457689,0.13031365846573711,0.009179478164554722,0.10433566092552526,0.10896705995882594,0.08581552579482077,0.08718261679166117,2026-06-03
IRBR3,2.3404820580360575,2.385172128563582,-0.8548099520042292,1.7941279155579095,2.337814140267377,0.5514073606559968,1.8239605044292284,0.10255684388082054,-1.9891659453222867,2.2993992977376765,0.4894753299928786,2.109417319972319,0.1445975554415848,-1.866835226916467,0.8558118156105385,0.08180543854745648,0.03664979673147384,-0.03155100444970216,0.08958608861769113,2026-06-03
ISAE4,0.7852782205412357,0.7930057516314629,-0.09838079820811531,0.1958989213852429,0.8137319727845154,-0.04709963528471828,0.2049363549594313,0.09059253994035248,-0.040428111045116844,0.8092963941883631,-0.054250631398087945,0.23789669158374227,0.09544678033511089,-0.026303166610076895,0.09881650741433512,0.11310721572702453,0.10739305707221725,0.12040388871033647,0.13563505470172554,2026-06-03
ITSA4,1.249258772233604,1.3296128976690205,-0.15025361375698176,0.018287526370773015,1.3583041698546097,-0.47423213541913933,0.017709521151566418,0.04514943448216305,0.48371298461982853,1.3694094551998135,-0.4563283037949439,-0.06481273278941752,0.03299595246185609,0.44834859302223506,-0.24740526807581437,0.1036828225416686,0.08752897873543142,0.11702683845569206,0.07981371042407637,2026-06-03
JALL3,0.7330801699007283,0.6334986036515297,0.2510943059629355,-0.17275387787259164,0.7142651017913395,0.004754398390959147,-0.15232197417496907,0.2623605261971007,0.4521044540331333,0.7218995685021281,0.01706261040727841,-0.20905292534173103,0.2540054636282424,0.4277927626171415,-0.17008183261264617,0.11417206820767034,0.13794396515542706,0.20495377278126714,0.17739640203305607,2026-06-03
JBSS3,1.048713953273193,0.8406404828115223,0.5918504641123339,0.0030750889231837553,0.3522675382940965,0.19016812131775718,-0.21372708559432074,-1.6188817759027951,-0.4969392386516278,0.6043182621152006,0.34160105724645995,-0.7623253048676413,-1.5294250339780675,-0.8397168149654841,-1.208333527602992,0.10774728581899673,0.17319353908283208,-0.12357980628359622,-0.2602767952491142,2026-06-03
JHSF3,2.2422136392048264,1.5374490106095904,1.2405802355709898,0.018300815999868006,1.6181542591851852,0.5085750875578475,0.02261694383293149,0.16343596118083187,1.1156233403774598,1.6177174395648057,0.5078708512694203,0.025862906320065535,0.16391401097760774,1.1170143771345047,0.009731535203433988,0.08375915926975108,0.2284769279024761,0.3170776706266527,0.3188076423685273,2026-06-03
JSLG3,2.220542157848514,2.081795044549208,0.1707827241313833,0.173500423882742,2.2640370799098326,-1.1160751057034806,0.1953785536394118,0.4434490140961064,2.018980326058366,2.207895901226793,-1.206585360873039,0.6125579830567288,0.504889200864288,2.1977599400873937,1.2507218797552393,0.08419045525593094,0.10776820562330114,0.28492904645138095,0.5198070253265243,2026-06-03
KEPL3,1.7369753743232366,1.7634177985591135,0.3593213793731619,-0.939494102020827,1.6838297096450492,0.45778483965272554,-0.9644091579052549,-0.28785089691595656,-0.24836274398456268,1.693931810650463,0.4740713473676907,-1.0394768503231056,-0.29890650684584075,-0.2805325302447775,-0.22505617187520324,0.09385520082093413,0.10853420126438196,0.05142188215136545,0.0193549298669633,2026-06-03
KLBN11,-0.027709383977062435,0.033896114135277905,0.16456942494440477,-0.633101137291449,0.00581146345042155,-0.14634056180014737,-0.6533474461325837,-0.17181288429929792,0.384657738968543,-0.02641197848148988,-0.19829087741722462,-0.41389830319754967,-0.1365479622393645,0.48727215937105006,0.7178788335172273,0.12979871787980635,0.13108841742257415,0.12055232306561003,0.23561789174873593,2026-06-03
LAVV3,1.2391675401489288,0.5600554099483068,1.3184254051306736,-0.26687680420091553,0.7691659113137207,0.5084249760633929,-0.21968374771331528,0.6442781857062868,1.4058349251257232,0.7697472884530471,0.5093622665596831,-0.22400390252569252,0.6436419340125957,1.4039835500208158,-0.01295201001477403,0.10388701553917157,0.2521562569830875,0.4561477730574417,0.4536269062801981,2026-06-03
LEVE3,0.7257407591162416,0.635572280869294,0.24706525266196852,-0.20200579150523676,0.6486026512837686,0.0021940603847278584,-0.20550702181948716,0.0006453827258390832,0.35322421537309345,0.6652244572028919,0.028991572129402322,-0.32902198306342645,-0.017545308742557858,0.3002926575327554,-0.37030316840090793,0.11432186876678707,0.1368229261198739,0.1536864726193914,0.09674935383850913,2026-06-03
LIGT3,2.0002404326468652,1.890144406937143,-0.5669781414160295,1.7626053602737435,2.0234588898566352,-0.07299855140441613,1.8261746291787415,0.616057711358853,-0.4843062443452064,1.9832205393507853,-0.1378704236614713,2.1251817483469657,0.6600940466891232,-0.35616862875976985,0.8964362089200365,0.08858373805639586,0.07323331893559315,0.15191480175824923,0.30093895241674584,2026-06-03
LJQQ3,2.1395447652267294,1.6219704474193055,1.0386827625822477,-0.281731340583467,1.4575048465023883,0.21843024571077635,-0.3671416940984388,-0.8028539192168682,0.8855701644182471,1.4893541681066063,0.2697774082213805,-0.603810786658641,-0.8377094087827481,0.7841471170747789,-0.7095441228737059,0.08580382191705671,0.19736034124269364,0.10374367174036947,0.0011818043608873285,2026-06-03
LOGG3,1.0699366369530177,1.0851154393407598,-0.26929656980425776,0.560709737544234,1.1772189257476562,-0.7128508234819675,0.5786201372013071,0.26613956746334233,0.7377891877351284,1.1660603803013263,-0.7308405205164831,0.6615381615753408,0.27835133665604933,0.7733231842563483,0.24859180486327737,0.10731651518789231,0.09246795166500421,0.1714278773341762,0.211716273823088,2026-06-03
LREN3,2.2929364015397473,1.939042202015142,0.41708278255514,0.48538231459841663,2.1992213413287374,0.673970904694763,0.5860109005046312,1.0586121783167939,0.02108894306162923,2.2140600236529644,0.6978936821470889,0.4757461506269237,1.0423729144683938,-0.0261643202444668,-0.33057846459593876,0.08275031263594612,0.14280648280121788,0.33525019364090847,0.27697557007567486,2026-06-03
LWSA3,2.018236295709568,1.608497296226778,1.015068151681749,-0.6689792720235479,1.846867410006769,0.723184887412763,-0.5942574335636912,0.8627406969194268,0.739732453573184,1.8477021872767359,0.7245307071031711,-0.6004605791574253,0.861827127368882,0.7370741346417764,-0.01859729739845356,0.08822425132997425,0.1859522616501743,0.3862943739726341,0.3828354627259003,2026-06-03
MATD3,1.7348696946684705,1.2187988887100363,0.9462879473052637,-0.074174724142552,1.296698054842878,0.18465738885515576,-0.07183381661830454,0.14656169804246758,1.1520899616591334,1.2700355285009925,0.14167232656614187,0.12629272413229692,0.17574082531739754,1.2369958414475308,0.593991894142777,0.09389745786100656,0.20112302355527523,0.28667956982911735,0.39386179365376406,2026-06-03
MBRF3,1.2592862889772167,0.5823596550021131,0.949155753012458,0.5783215442249314,0.2636354583447438,1.2930108047809141,0.4768727995109789,-1.1630017268277821,-0.9256650911111471,0.29823607921507467,1.3487935848625305,0.21975907994224553,-1.200868203065667,-1.0358495544493043,-0.7708379943350057,0.10347995310123848,0.2312437731986956,-0.0019816530562296597,-0.10315252007684528,2026-06-03
MDIA3,1.0481008940088088,1.3545927000606461,-0.6330555632946083,0.20842012955328637,1.244683166824498,-0.6912507163464899,0.1675784525141063,-0.4369720103925257,-0.0776709863451985,1.2898503260414438,-0.6184326672440648,-0.1680541464540719,-0.48640237083694415,-0.2215042203637112,-1.006240973278417,0.10775973176462483,0.044295464111613114,-0.024570000731140684,-0.15199028730418862,2026-06-03
MDNE3,2.246618897824936,1.7613823474397676,0.9730657251938882,-0.26246189117621643,2.0279993426339926,0.7889809106281704,-0.17416706507024243,0.993908655180769,0.6328356154357,2.095428724052903,0.897689895037052,-0.6752279890867955,0.9201148039431549,0.41810911579542526,-1.5022022098097896,0.08367150704858917,0.18773681342824355,0.40880656078617506,0.14973470447908577,2026-06-03
MELK3,0.7639672669691435,0.7245288356024997,0.052451921004388995,0.04027862822425579,0.8638585272750132,-0.4578866616064862,0.07269623134791925,0.4352470332181473,0.8965833644549416,0.8766923297272669,-0.43719613173166527,-0.0226704586625045,0.4212018842186213,0.8557145707680067,-0.28591344008133246,0.11354185144062323,0.12055587146656355,0.23955467779858663,0.1923506030606894,2026-06-03
MGLU3,3.4684637975501644,2.92685875090061,0.6292117691220923,0.763881037282204,2.7625118740840007,0.6113030845254006,0.7051009790775667,-0.6393576405590493,-0.21057191272721199,2.7796251694610463,0.638892970731978,0.5779338093045234,-0.6580862117940931,-0.26506860150437095,-0.38125264671808545,0.05960954785152195,0.15046148037317741,0.03766736479136523,-0.01547855984635993,2026-06-03
MILS3,1.1509105476528716,1.183712865867079,0.1103042703791715,-0.3895558326583416,1.2294222128359458,-0.664574546728933,-0.39905067312559617,0.01935454961555083,1.1241556581557537,1.244059739714974,-0.6409760701035709,-0.5078206572035704,0.0033354277095238027,1.0775429673081618,-0.32609709241168333,0.10567434524040986,0.1074634075039822,0.1635978043826809,0.11292309005121681,2026-06-03
MLAS3,1.5943801839446743,1.6326006961021466,-0.027307006330903216,-0.09345046661706867,1.5842118681536836,-1.1886982093255285,-0.14906886750723902,-0.42317111162036336,1.5177056936825384,1.6260737155815816,-1.121208951325454,-0.4601400283555224,-0.46898418118471813,1.3843981091026993,-0.9326047249674386,0.09672020165746797,0.09119692362386234,0.09185858752483878,-0.03977325645142582,2026-06-03
MOTV3,1.5385150137198798,1.6707553553948027,-0.18174917759883397,-0.12147160893358638,1.7069216763629416,-0.09697942145577092,-0.10585789409102991,0.1571220957447456,-0.06410468493981156,1.7247833695778358,-0.06818297562823263,-0.23858633262071738,0.1375744875031238,-0.12098462037707926,-0.3979255697403219,0.09784451023092222,0.07463781449285256,0.09695228721706783,0.038638191448299386,2026-06-03
MOVI3,4.368663660064062,3.283671242225194,1.90997518815495,0.027968165117872076,3.4100460004562656,0.9573766010671714,0.041143389286401946,0.2952677342206222,1.4823539045333691,3.433619963811436,0.9953823125375407,-0.134032351806195,0.2694686907130923,1.4072834452263852,-0.5251844092429624,0.042196218498628424,0.2641232293196649,0.402012215479677,0.3063353079142346,2026-06-03
MRVE3,2.826320968833208,3.3925131732079477,-0.5676905162737971,-1.0069345924171684,3.5812315354976554,-1.2197792810088068,-0.9617284067691401,0.5974861088140635,1.160902547831013,3.645894054342264,-1.1155310051830698,-1.442229054405664,0.5267202765335649,0.9549870249943766,-1.4405616165565853,0.07219359827263605,-0.012687124586562515,0.1321577811567094,-0.07159860200650969,2026-06-03
MTRE3,1.865419415656362,1.1003198032004042,1.333876986276485,0.04972831236398373,1.1605268147017929,1.0872630312228235,0.06287210038164678,0.18277763533502606,0.42307558217161845,1.189845029014196,1.1345295674940488,-0.1549885894951228,0.15069215716519116,0.32971275720523063,-0.6531557223423722,0.09128039757237971,0.2494641688335273,0.30568309032536556,0.19510230545081053,2026-06-03
MULT3,1.511456532829731,1.3470899411882713,0.3732090828359115,-0.18975037185432314,1.4384921613223312,0.5104788649945688,-0.15284076827015664,0.38145096433116193,-0.056843921329500446,1.4579449652601406,0.5418404838539588,-0.2973925899046612,0.3601620648969078,-0.11879069304618112,-0.43337258102411813,0.09838945253851672,0.13528429068783665,0.19789636439520164,0.12918895883528525,2026-06-03
MYPK3,-0.01018227888990711,-0.22366505446802268,0.9464911179410243,-1.3145424039042997,-0.30847330168181086,1.1232723246590917,-1.3387103314607194,-0.29212901766681976,-0.3628407185749766,-0.33542888293284845,1.0798148021327247,-1.1384061292741576,-0.2626291748534233,-0.277001615709041,0.6005206168280195,0.1294364610522769,0.20311732589737574,0.13542575189543093,0.23212699222693933,2026-06-03
NATU3,-0.1761475870146082,-0.1062323111877678,-0.03251045181771614,-0.21128825866107928,0.1505500320869103,0.25316775531177443,-0.11090824709325531,1.051323030307304,-0.02310740073031778,0.10739451719397877,0.18359285936979092,0.2097760260476289,1.09855187297319,0.11431982250881317,0.9614252492528588,0.13287096811476906,0.12335204220000562,0.30904740954912047,0.4893764287918365,2026-06-03
NEOE3,1.0374022228328244,0.9527613842573308,0.029902719689070323,0.2776602755832128,0.9839271822370073,0.17741043657984581,0.2935825934246955,0.15052773021211996,-0.15698053559926814,0.9841559220066982,0.1777792085829949,0.2918828512952458,0.1502774003383844,-0.15770894937143376,-0.005095900040452725,0.10797695013147734,0.11889544930922713,0.1365598359153144,0.13576916717801102,2026-06-03
ONCO3,-1.9455035149689235,-2.0341288082692373,-1.3995737291987367,3.600494023159256,-1.572437605877825,-4.847362360226322,3.6497009830401863,1.0852974513662808,5.3713038745090795,-1.6631737113571063,-4.993646215547347,4.323951819936675,1.1845978828506072,5.6602498192970785,2.0214330206251443,0.17008605845548863,0.10945202389153197,0.6177398572410076,1.108806768958691,2026-06-03
OPCT3,0.8292081567016771,1.378578387241503,-0.9315816159631796,-0.09629148995083875,1.5000363690781198,-1.5621808381124973,-0.07418654624509535,0.341679479051857,1.035346512833389,1.4651194675440582,-1.6184735227641824,0.18527742299645095,0.37989208879649417,1.1465381608497651,0.7778841439804501,0.11221175776254078,0.00957920740282625,0.10882496386813512,0.23278694454500481,2026-06-03
ORVR3,1.5409669233098362,1.520967889176968,0.18360082316708587,-0.3427362222705533,1.690844011981174,-0.5891278405845809,-0.30819887759853626,0.5000873332709683,1.2987958999563132,1.6786792230513115,-0.608739793449731,-0.21780355951313915,0.5134003224418232,1.3375342435508437,0.2710090531423194,0.0977951424242598,0.10901559666347893,0.259238351647471,0.30622981189452014,2026-06-03
PCAR3,1.6299472636215602,1.4598396244032648,-0.0465650625690347,0.8047495333330246,1.2834177965571594,0.065513629134344,0.7460019219550184,-0.6596518181259251,-0.4054540186473089,1.3388475470004775,0.15487692670481357,0.3341090439440265,-0.7203134269421255,-0.5819681144045281,-1.2348725711697748,0.09600495015334154,0.11254547857424502,-0.007980415755403314,-0.1645553441082207,2026-06-03
PETR4,-0.053464912059707215,-0.14513680251247105,0.0395920476094844,0.2840587341029172,-0.2904246407847058,0.8884089889028511,0.26074824085631415,-0.38951491853256887,-1.367596757159467,-0.30693247968673165,0.861795213660337,0.3834163247050796,-0.37144895110773796,-1.3150281232870011,0.36776419353080747,0.13033123611310082,0.14274468187839884,0.019098104440078867,0.07196283338646725,2026-06-03
PFRM3,1.566763656360044,1.2776006726083446,0.4653867317231632,0.10840554609962166,1.2109120501231165,0.23685495461321515,0.07722146747532677,-0.3043995553016029,0.21688745377375868,1.236994044192053,0.278904088491186,-0.1165911965796087,-0.3329433554937793,0.13383025864293635,-0.581058706192041,0.09727586317890746,0.1530722843796124,0.11248519235976095,0.027205047565279195,2026-06-03
PGMN3,1.8943806552219105,0.9725451214379832,1.6735704081327452,-0.09376510098011365,0.9816526522629577,2.151181773530376,-0.07471340335488874,0.1322803941462687,-0.6395765623395244,0.9501643025615776,2.1004165663652272,0.15927334344782662,0.16674084068582368,-0.5393030173573925,0.7015023348770075,0.0907006055185553,0.287432881016924,0.2784997744002924,0.405194676818875,2026-06-03
PLPL3,2.205050580327022,1.5881089780367403,0.936978951411005,0.36069032953711533,1.842219349399635,1.0504590111357524,0.45441799291663004,1.0059966101601066,0.2083604990515921,1.8931045052729172,1.1324955581137846,0.07629553822297701,0.9503085474239612,0.04631850527385811,-1.133627388993402,0.08449885802837875,0.20240821361512773,0.40399209831777805,0.20471473479308133,2026-06-03
PNVL3,0.8998643553616139,1.0850491377282467,-0.13204853636548888,-0.45338105456148814,1.1516716580710433,-1.3343261450883386,-0.469634882034194,0.013402023379333147,1.7380568002271506,1.141894608335789,-1.3500886083479622,-0.3969826127798127,0.02410190136314476,1.7691914721206627,0.217814629300489,0.11077290271049756,0.08394915057476893,0.1672856587881928,0.20240405795471372,2026-06-03
POMO4,0.3723323914266693,0.4110093470474827,-0.2516742707541983,0.4236607403862619,0.49787600838536006,0.2930768150604163,0.4724677535139633,0.44670732838965643,-0.620107488118403,0.4788475741693353,0.2623993608855929,0.6138661266005627,0.46753180303667297,-0.5595121068934394,0.4239184065911757,0.12155697331324866,0.104795912610949,0.1499860226515819,0.21828491224287827,2026-06-03
PORT3,0.5740111421962764,0.5730026691764264,0.042275469707607816,-0.09365458000793454,0.6024509140298488,0.13211341029855694,-0.08025143231171918,0.13216542109334908,-0.08063769866697981,0.5974270316002455,0.12401395654087091,-0.042919469310471955,0.1376634936671167,-0.06463932131258593,0.11192283139436829,0.11742287517331174,0.11963617421858252,0.1378354478390853,0.1553468819749737,2026-06-03
POSI3,0.8458516016492625,0.8784793981505755,-0.19106995853355524,0.30826484053401637,0.8486229579505403,-1.3694722688217411,0.25864406650737426,-0.3549417059049484,1.5674536967175419,0.8927850408459679,-1.2982745938628493,-0.06951991181250711,-0.4032721236983755,1.4268210929858496,-0.9838497272156305,0.11187267402964696,0.09886786658450064,0.11295620142759999,-0.027931778777152028,2026-06-03
PRIO3,0.35880374792664704,0.25799706152474494,0.3900484108469748,-0.4891470450915561,0.30692785762079056,0.009301166707470554,-0.4844405135457221,0.11190351557548775,0.5902267362737097,0.26147195372798504,-0.0639823937166632,-0.14666228204989223,0.16164987449427687,0.7349794675830575,1.012673671918416,0.12183479044000811,0.15297491125727491,0.20100978207163767,0.37717530153335277,2026-06-03
PRNR3,0.9822020438280432,0.43233889215489035,0.47677505372714235,1.1503195598243574,0.49762903015864,1.0143519015851254,1.191249717844816,0.36178826043200535,-0.6411625558669121,0.4805441106981133,0.9868077627515965,1.3182060290477406,0.3804857774275146,-0.5867562292004451,0.38062048365207185,0.10909831666652137,0.19672596552546917,0.22891683592395617,0.29390161641422163,2026-06-03
PSSA3,0.7432130618787098,0.34657173239785166,0.5144683625252144,0.4352832365497647,0.42069836937258825,0.3219178965420062,0.45514680154949405,0.24760660495906167,0.36911122656346157,0.4177992125387356,0.3172439044569798,0.4766901432125964,0.2507794050591064,0.37834348979562715,0.06458786527111243,0.11396528182108434,0.1857174972072002,0.24832699956493043,0.25929549891100323,2026-06-03
QUAL3,3.4985095890794273,2.6158276493019956,0.7811355793183159,1.8100790240221891,2.7689337551093063,1.6506652329661,1.893100534548359,0.7689268353246506,-0.9691476640832176,2.755205750183989,1.6285330786738907,1.995111952835741,0.7839505880557432,-0.9254313139902953,0.30583462136448036,0.05902407074914495,0.19763391652961904,0.2876791289942269,0.341921658434734,2026-06-03
RADL3,2.1019373287214718,2.622712001501316,-0.41634195442018074,-1.1709125212443667,2.535629836959834,-0.8998745943564402,-1.2177671612706227,-0.43510128048915186,0.5361512194414794,2.558136546130456,-0.8635894995678037,-1.385012244293739,-0.45973233468890656,0.4644793936448711,-0.5014079551109607,0.08655366284179222,0.012069444000299079,-0.02986120480274812,-0.09507077613331794,2026-06-03
RAIL3,0.7781230864422319,0.47957358124485905,0.6337642830025039,-0.24260417521131364,0.5123993655931064,1.1439639306512652,-0.214075171660625,0.23064815659787852,-0.6501838906435641,0.4951657448342255,1.1161800570495357,-0.08601387612611884,0.2495084103894057,-0.5953040299090739,0.383933274223325,0.11325312694525613,0.17964158616667958,0.1879093316775753,0.2514693105202166,2026-06-03
RAIZ4,0.6903635464134827,0.2762432269130537,0.5744357804348933,0.36819589690573284,0.1500063121161,0.620539980714837,0.3250298485882033,-0.4789350633711237,-0.24353497167161012,0.1400443883583443,0.604479465377518,0.39905589803441155,-0.4680328616253713,-0.2118115749390056,0.2219332814264913,0.11504419203718452,0.1920829846257308,0.09982697688464648,0.13372027002079867,2026-06-03
RANI3,0.7384777397748735,0.7259051234527432,0.10370471834573333,-0.18836019518121833,0.6939433200154433,-0.2371320301065326,-0.2109709203148306,-0.19289144427304192,0.4200043221754614,0.7079513669511904,-0.21454839484408722,-0.3150633025018642,-0.2082216713929383,0.37539618812447884,-0.3120734406751732,0.11406191324432102,0.12061580885980971,0.10834840827257564,0.061931123563653934,2026-06-03
RAPT4,0.7466807377466229,0.8392171717416874,0.058038432270016926,-0.5134293566560281,1.0280011995104963,0.20893199610167068,-0.4415905023258089,0.7609068917579922,0.06381215565633536,1.006403213360667,0.17411193561440852,-0.281098048303448,0.784543451124762,0.1325901848721216,0.48116328281512816,0.11389452351356866,0.10646634455739945,0.24053455181765182,0.3239176641686352,2026-06-03
RDOR3,1.6476659995849126,1.60544426894988,-0.015975222107835085,0.20996169696349304,1.6694005850829738,0.3969252056084901,0.24628806176832801,0.3312944675890738,-0.47271394125135635,1.685597535690881,0.4230377698060983,0.12593015743833064,0.3135687323307694,-0.5242925622574626,-0.3608381759313227,0.09564878719584113,0.09951579057766669,0.13212307993462868,0.0775624229740779,2026-06-03
RECV3,-0.1555502380708463,-0.3462445905172321,0.4435882995140269,-0.2446620294860935,-0.46642855392454313,0.7432132032242207,-0.2772838161209025,-0.40400568185198393,-0.5812855864572823,-0.4917126305108281,0.7024504640506924,-0.08940039630242763,-0.37633511233129935,-0.5007693315582424,0.5632825768480982,0.13244420424939918,0.17712089655864638,0.08270023015290406,0.16934493611982715,2026-06-03
RENT3,2.0563877496933434,1.5603883289757217,0.8812405457734342,-0.005959638201586431,1.666846649247452,-0.24307309134954636,-0.005526112801361005,0.18333527684734705,1.6884993850792873,1.6780795408736442,-0.22496353413631986,-0.08899659613013636,0.17104214414779567,1.6527286357564412,-0.2502481005807494,0.08746249486095437,0.18830701450200604,0.3083315288608075,0.2648201579998626,2026-06-03
RIAA3,2.380247702454509,2.260221001361913,0.020116319845380204,0.44529572592157723,2.4138994179587443,-1.3066065769987003,0.45573992061861923,0.32485999634418816,2.032600914862184,2.4207136858747167,-1.2956206813987812,0.40510378386896095,0.3174025488294267,2.0109011177349156,-0.15180931674299677,0.08101575702326702,0.09509542363847401,0.24930814736252271,0.22385305092831587,2026-06-03
ROMI3,0.8355728290017135,0.8927945767095669,-0.05327265424550193,-0.111249880752105,0.9797506574838586,-0.17881690975145148,-0.08462361584382355,0.3108485603650003,0.2959029769906475,0.9702712881215498,-0.19409945564656095,-0.014183379379768157,0.32122266076201955,0.3260896961794306,0.21118285981593016,0.11208207649024149,0.10310844819574938,0.1690145247771988,0.20309569067040045,2026-06-03
SAPR11,0.4037910474490981,0.21482820003482167,0.43406282235506327,-0.2297238383796531,0.2749689243031118,0.3541605262892432,-0.21107898845833586,0.21639719521407996,0.19518820184393187,0.20343929802895971,0.23884116752037737,0.32045044101726294,0.2946783018961099,0.4229717873851522,1.5935481001723502,0.12091119866975109,0.1644788796925576,0.21175917533701072,0.5017010905019705,2026-06-03
SAUD3,0.09393900632836966,0.34513669089535937,-0.36561857490130256,-0.18360997293820422,0.29313547456594385,-0.07725805942136099,-0.19246511245616701,-0.1425534373003003,-0.46838193492392866,0.29251310821047954,-0.07826143232808341,-0.18784037091792807,-0.141872327533549,-0.4664000310981693,0.01386517412463839,0.12728663712082589,0.08153248529942903,0.03846639300954213,0.04044921657785716,2026-06-03
SBFG3,1.9360416330267585,1.878310312730303,0.3398032299201833,-0.5494329206937923,1.9135399711767862,0.7868297021016664,-0.522146279361344,0.22710985540504222,-0.5604269881646459,1.930165806070844,0.8136337093200354,-0.6456911795111528,0.20891475467808926,-0.6133713761343199,-0.3703929265289139,0.08986706519248022,0.11288545800362515,0.12431814472134906,0.06870064916381158,2026-06-03
SBSP3,1.3131175835794475,1.237924980700185,0.3445888521152025,-0.48895239030397447,1.2563565299989978,0.4997486069065581,-0.47728502593285765,0.10282463156551137,-0.1856481730416549,1.2493331617799388,0.48842560185805733,-0.4250950859467882,0.1105109157733466,-0.16328250333464292,0.15646768570267375,0.10239146160471346,0.12785998902731088,0.13628887896145336,0.16080769854436094,2026-06-03
SEER3,3.158150496378079,1.5582655429525936,2.2463639009463154,1.3597167866768012,1.8432754272209868,2.2930373716456707,1.4621704917388563,1.111945437013862,0.34383533213987816,1.8398650587907168,2.2875392092613582,1.487512595150609,1.1156777005362788,0.3546955307670395,0.07597671644637657,0.06567374323287622,0.37963571458214473,0.6415612962351542,0.6581554834489791,2026-06-03
SHUL4,0.7711855834127341,0.9315467888356217,-0.2576085873693037,-0.0612312702891689,1.0070560904486512,-0.35861258448729405,-0.03784448764529101,0.271557291156018,0.2460007867654785,1.0079515003982666,-0.3571690133881092,-0.04449818855855356,0.2705773659775849,0.2431493851927808,-0.01994808163285551,0.11339461685826979,0.08315015624710842,0.13899050979184846,0.1358922221452019,2026-06-03
SIMH3,3.478702454803207,2.7761468418049513,1.7101101584270464,-1.0768156462878486,2.843950115464402,0.9629766983279155,-1.0775687556473645,0.11045508313034556,1.1178425930778528,2.931268917301157,1.1037512103837508,-1.7264259542701592,0.01489450497589287,0.8397789318571565,-1.9453018004452336,0.05941000241931338,0.2260315898595291,0.3044966593968361,0.00028620600659823303,2026-06-03
SLCE3,-0.10153332761495604,-0.2241575508921677,0.26603115213747647,-0.11288355645618567,-0.2535331801649601,0.0631903510632941,-0.13000571054153903,-0.15484682262322075,0.23514714625862077,-0.2537696850741517,0.0628090601787435,-0.12824826644461396,-0.1545879946802887,0.23590028784511896,0.005268893021740384,0.13132570840908375,0.1588601734990165,0.1438513122683387,0.14467416201761663,2026-06-03
SMFT3,2.0214627635618925,2.0468724575156045,-0.1032761634724497,0.13476714799145872,2.11587909387316,-0.6069520790316705,0.14250784034756458,0.1645806785069883,0.7869064629002618,2.148344062925502,-0.5546123757705639,-0.09873606622893477,0.12905143226048024,0.6835229078557541,-0.7232596121392836,0.088159810668754,0.08040738419539384,0.143718862283142,0.035786456223589225,2026-06-03
SMTO3,0.14279806656548516,0.20834339409833524,-0.10326724585263433,-0.029714977689686728,0.1716929471202032,-0.2871009824302694,-0.04878290194030008,-0.179124664171736,0.19877200465782324,0.15716660078181946,-0.3105202148833571,0.05916091076764041,-0.16322721682513858,0.24503064497405702,0.32362019509588674,0.12627912285636866,0.1137929893282359,0.09373156241181047,0.14321959933143802,2026-06-03
SOJA3,0.3270075498639224,0.022679856708914203,0.521602897382572,0.04051209261883004,0.023799666696763422,-0.7200493699195664,-0.000237610564425339,-0.24797333660135587,1.6981785419225586,0.012144169818336992,-0.7388402471569384,0.086373209717235,-0.23521771012743486,1.7352950628457493,0.2596629658876566,0.12248798886305234,0.184179659343654,0.2247816639278506,0.2686457815520735,2026-06-03
SRNA3,0.6939951802425246,0.6152116084546116,-0.05828029506979793,0.4619713038963992,0.832817079819741,-1.1505090930461725,0.5378689177803747,0.7242406726703443,1.7727718883684522,0.8520926208670556,-1.0824010802514785,0.4757486785568827,0.7376829898149454,1.6914425426023507,-0.17694868112669948,0.11497002246307098,0.12099137919767422,0.3361578285053888,0.3067769382956642,2026-06-03
STBP3,0.25254592619891075,0.4953499033684413,-0.7137062007221802,-0.040132889270597355,0.648348608882992,-1.5033457706610582,-0.02650414631469969,0.2679747054396503,1.2042043890619483,0.4861691368616631,-2.004844728891381,0.43387964928097744,0.15387158562406794,1.7893871299894721,1.2973974462876976,0.12401903982448115,0.047940772035285795,0.14292074745306382,0.3426693449601186,2026-06-03
SUZB3,0.10785528067482424,0.30311522563626203,-0.26999595218369565,-0.1755807637473794,0.34756246648768596,-0.5008432635681027,-0.1674942038567111,0.12502025574184317,0.3789932797670695,0.3190100240749359,-0.5468752299270981,0.04467611236466769,0.15626768295442858,0.4699175309830387,0.6360957372785819,0.1269995879129695,0.0919827698710689,0.12994883400219703,0.23215652894169247,2026-06-03
SYNE3,0.11956478697154202,-0.07660549482369103,0.03225834089479995,0.7292193565882071,-0.027922178427250838,-0.1914561168731369,0.7390420585133302,0.14285543939265816,0.37530530395315687,0.019037057203253965,-0.11574889983231859,0.3900927206875293,0.09146385347818747,0.2257652654634456,-1.0461651293651113,0.12675810933603704,0.15071869060223753,0.19348573681947356,0.03432135295058969,2026-06-03
TAEE11,0.9644236835418605,0.8353680154426018,0.22963032920732018,-0.002331432508418923,0.9002709439866814,0.2365120735148339,0.020875334023897123,0.25245272188395723,0.08341835826648877,0.9015064549560394,0.2385039521273704,0.011694376777783802,0.25110059450629696,0.07948391692749554,-0.02752490486131942,0.10945969739924677,0.1354026371937438,0.1823973754262378,0.17797523390128833,2026-06-03
TASA4,1.0158947802775984,1.02792635559443,-0.0749465010189399,0.12405685934653754,0.9173343677514204,0.05029150480434377,0.08905221276403012,-0.4023380543097814,-0.3292876173380635,0.8874944252176947,0.0021838434347692948,0.31078981236711367,-0.3696816034579986,-0.23426336715360074,0.6647788645172158,0.10841374040742391,0.10339530392135154,0.025429527234466454,0.12336339316561973,2026-06-03
TEND3,2.0895391267908963,1.0164610858017091,2.0510221596670304,-0.3471069578520034,1.5327662554224384,1.9188854081999338,-0.16868919798870086,1.9702961779865258,0.9189481679590381,1.550447596921092,1.9473910927673765,-0.3000774611276939,1.9509459443528077,0.8626425562352253,-0.3939076662540645,0.08680097007670673,0.3239528035170569,0.8227009467972519,0.7306415548657366,2026-06-03
TFCO4,1.407280744238308,1.189394980654665,0.21795464410517812,0.3886694913033761,1.2466382233573248,0.5560170086664686,0.4201391078519003,0.29012011796270465,-0.38005697332732535,1.2788999215682866,0.6080290006797286,0.18040568637053117,0.25481332872105156,-0.4827932195083986,-0.7187311128310538,0.100489809057688,0.13570379672877686,0.1667037107736451,0.05743416205711438,2026-06-03
TGMA3,0.728332550238618,0.26461414314752757,0.6918220869651022,0.2999061281858237,0.3551674942019394,0.8146953940463694,0.3360381179940363,0.3752420327941018,-0.03838678792581174,0.3732035122832648,0.8437728847061199,0.20201428898596208,0.35550364565180187,-0.0958218547847462,-0.4018092061324805,0.11426896707670386,0.2033782600157925,0.2692289697836594,0.2019172317351534,2026-06-03
TOTS3,0.6745900462425379,0.4060236128319602,0.14436464346012512,0.7665610369832027,0.4624331395927048,0.6261920217867859,0.8024995978384482,0.31610836720772734,-0.5776879095793523,0.4677637847051348,0.6347860353194965,0.7628881123193247,0.3102745774835813,-0.5946631619356729,-0.11875693798606424,0.11536638982782099,0.1530907614528494,0.1793826236823688,0.16045572568021083,2026-06-03
TRIS3,1.8072249128384323,0.7995443748683986,1.7216187905457017,0.14685687462557118,1.0566486847618402,0.7981361056461109,0.20728141552967644,0.8068657934754293,1.629534318423893,1.0654302598878855,0.8122936745481881,0.14202641756905843,0.7972553501516605,1.6015697005011957,-0.19563729167261013,0.0924462817802243,0.303203477599431,0.5646019294240254,0.5243824703849338,2026-06-03
TTEN3,0.9271894375411994,0.9078574672147406,0.3380087590390824,-0.702628977086293,0.7050832916618747,0.8636944536355753,-0.7570003629555586,-0.6775413456297582,-1.0082891272009404,0.6607726654371421,0.7922572985846266,-0.4277325741561436,-0.629048363919616,-0.8671834924481183,0.9871589985279385,0.11021690770358084,0.12919292504016155,-0.020729870774003012,0.12161646019403505,2026-06-03
TUPY3,0.4044929412791901,0.8164811192265745,-0.5591491828189205,-0.3948184094472275,0.9272849399846246,-0.5847470629225298,-0.3564368656981146,0.42340442513261867,0.19344363810329857,0.8957166326097419,-0.635641177061156,-0.12185596149806896,0.45795237632577807,0.2939718054917064,0.7032836443195583,0.12089679427413391,0.0490380184581416,0.12579012538951395,0.23889280138611735,2026-06-03
UGPA3,1.3304644448772782,1.6720853059411085,-0.6572664620369607,0.12047577694306762,1.6927259065128029,-0.936227963447111,0.11853923656464613,0.02315572060325019,0.410688593528861,1.7001257050870109,-0.9242980810886361,0.06355208062302646,0.015057475836908626,0.3871241945614253,-0.16485385949579123,0.10204091048806374,0.03408739117073667,0.05558264014361369,0.03191895224460484,2026-06-03
UNIP6,0.9686487314076853,0.4523830353653602,1.238764763509598,-0.7499011683142239,0.21867570313166496,0.9079636505479933,-0.8436068242216519,-0.9712344149900355,0.11776366073379019,0.2178589252237919,0.9066468492518218,-0.8375374300699703,-0.9703405437107894,0.12036466132804935,0.018196304820130682,0.10937380507421857,0.23381190973608623,0.07482884988744432,0.07751518668221791,2026-06-03
USIM5,0.2444388152564134,0.3004924004456522,-0.6893375496588379,1.3648118231252027,0.17124820747367064,-1.0516092407521043,1.3070481978565391,-0.5735500428476157,0.3101634946192694,0.2075427726717206,-0.9930955003140903,1.0373469490502722,-0.6132703500579034,0.19458472499470622,-0.8085759486043012,0.1241858505930804,0.08414157126308819,0.008748229447551159,-0.09817306187354569,2026-06-03
VALE3,0.584159433182756,0.741486025322823,-0.35323395887300046,0.17239352836530433,0.7695715519893271,-1.0173341686591484,0.16033002682781672,-0.026306733892986545,0.9475843938966331,0.7725586705952776,-1.0125183654717471,0.13813305011901789,-0.02957579822960127,0.9380720194870098,-0.06654749126266435,0.11721522072164792,0.08258677454869057,0.12169877360522063,0.11153642586275048,2026-06-03
VAMO3,1.7601839634662504,1.3128539483885524,1.326269669156423,-1.2347816525767428,1.170572513008119,0.9598945233244482,-1.2972970617982482,-0.6248138944370779,0.2971250758624515,1.26758785717682,1.1163017053974538,-2.0182082872914227,-0.7309862443044818,-0.011816884250201332,-2.1613228733373644,0.09338954710585412,0.21255406624030915,0.1198866658635851,-0.16971270033080577,2026-06-03
VBBR3,1.4715877506769075,1.6004608689115,-0.15442046899293554,-0.17088767654289333,1.6391310751385766,-0.10689099981167366,-0.15562154497360434,0.15924024065391737,-0.0096391023292631,1.637883510737295,-0.10890231084840898,-0.14635101989206425,0.16060555915306857,-0.005666277259151295,0.02779343308584628,0.09919283881298546,0.07763542127887302,0.10284401786676756,0.10704763874074952,2026-06-03
VIVA3,2.3403184636514784,2.1648763606367187,0.47833823607053017,-0.38754001396123333,2.1516540211190294,0.8755319057845078,-0.3790590512227859,0.02956412518365975,-0.5616301556650829,2.1955941966280292,0.9463718238412333,-0.7055740581632772,-0.018523440008751113,-0.7015561031094213,-0.9789060400684141,0.08180868835982524,0.1246721588077262,0.10355375656600407,-0.035576911247283016,2026-06-03
VIVT3,1.1841170282762747,1.298107892100866,-0.07600583246499298,-0.2912855782389474,1.42987075189254,0.2540121836265581,-0.23369905533248625,0.5767386494003225,-0.2624904118589107,1.4480069725950844,0.2832512199650389,-0.3684674798999399,0.5568906017929822,-0.3202445704499082,-0.40404153565789624,0.10500155570368341,0.08875386240320493,0.17245004075888914,0.10952982613235207,2026-06-03
VLID3,0.9629462842941838,0.6114024981621355,0.3702627211850558,0.5840501489873569,0.7851794837245484,1.4250174105920208,0.6805281636211246,0.8865228297313702,-1.1926740368400977,0.7433134650601465,1.3575214277655476,0.991630320506649,0.9323404642435218,-1.0593531691039375,0.9326976524207835,0.10948973335102585,0.1682035125091348,0.2662870226581422,0.43570474485370725,2026-06-03
VTRU3,1.6325964693566437,1.5272604137197443,0.24930209305469203,-0.05627518167025913,1.7616249675552513,-1.0788330688915835,-0.26499447397587195,0.7833177950787297,3.374832182920522,1.7537233389392863,-1.027598607874266,-0.3786733302463984,0.7296642439733494,3.2533501319360565,-0.44846084773141126,0.09595169192447606,0.12190903661223795,0.5468386358224957,0.4468876032366318,2026-06-03
VULC3,1.4787988688163227,1.5483705107848738,-0.06015384816426489,-0.14593852168825702,1.5477082590796862,0.5494928261751073,-0.12597037328076433,0.12131909889127512,-0.8339601794467744,1.53853310230015,0.5347007288088386,-0.05779070979859932,0.1313602729347474,-0.8047422145557555,0.20440556474847574,0.09904748940943398,0.08848677067690236,0.07037931033603462,0.10079608485590108,2026-06-03
VVEO3,1.2959477809278597,0.034723574841672766,2.0830548178782267,0.34975445725955395,0.6268992749379647,2.2073849793810223,0.5635328482381312,2.3158891886392676,0.6770221032106436,0.6342856634770702,2.2192932422130207,0.5086453409131558,2.3078056196435575,0.6535004080295573,-0.164555108655418,0.10273853531463972,0.37009433039344386,0.9596739272719323,0.9180033885627112,2026-06-03
WEGE3,1.0728928310393575,1.4232902162476786,-0.31692248073243473,-0.7027333540182807,1.4107673243031313,-0.20523624287715864,-0.7034659670315425,-0.0257456896581989,-0.17051630189948785,1.3854482583996786,-0.2460553914831119,-0.5153225451305552,0.0019631717229734447,-0.0898886247473828,0.5640620742788185,0.10725652357726378,0.05399090770017234,0.04253292298029798,0.1263558337163151,2026-06-03
WIZC3,0.8990377194896895,0.675829851503176,0.5656175287670524,-0.3936977709728337,0.8195410390356397,0.03467348131197656,-0.3604117391352866,0.4480082717410895,0.9310046297669932,0.7776682349625188,-0.03283344088358364,-0.049259160562785564,0.49383333211762115,1.0643471053991804,0.9328488188078758,0.11078972659710074,0.16471464989458195,0.29220586223636413,0.46481218192229923,2026-06-03
YDUQ3,1.7676289433877646,1.093258663145487,1.1039971485902675,0.20968452267946394,1.1919278377834253,0.6669613373031424,0.2301354973427976,0.2928611964114678,0.7382724508177476,1.2369387614965017,0.7395275050654634,-0.10433613137345818,0.24360181810106818,0.5949367432804138,-1.0027603345090221,0.0932402106236061,0.22796592257947812,0.3209797940791823,0.1530093682855509,2026-06-03
ZAMP3,1.297610870840439,0.45121152395236824,1.500873323269541,-0.003411862176127878,0.08160416888036884,2.6401740954435575,-0.09651599032705643,-1.198190147241338,-2.0853224615483725,0.04099912540667111,2.574711044396404,0.20521598725500967,-1.1537525078244883,-1.9560171250707779,0.9046054516897116,0.10270491291298,0.2819776672189376,-0.014544151905576896,0.11595618528032836,2026-06-03
