ticker,data,ano_mes_carteira,market_cap,indicator_rank,tercile
FHER3,2009,2010,518639.7,1.0,1
KSSA3,2009,2010,721244.7,2.0,1
LAND3,2009,2010,790520.32,3.0,1
FESA4,2009,2010,1034640.0,4.0,1
AGIN3,2009,2010,1194087.04,5.0,1
MYPK3,2009,2010,1207144.4,6.0,1
LUPA3,2009,2010,1294349.1,7.0,1
CLSC4,2009,2010,1353842.1,8.0,1
POMO4,2009,2010,1441447.7,9.0,1
SLCE3,2009,2010,1590774.05,10.0,1
GPIV33,2009,2010,1597472.2146,11.0,1
POSI3,2009,2010,1919844.08,12.0,1
EQTL3,2009,2010,1954456.1,13.0,1
TEND3-old,2009,2010,2203586.0,14.0,1
CNFB4,2009,2010,2232725.15,15.0,1
ARTR3,2009,2010,2342226.0,16.0,1
RAPT4,2009,2010,2389936.52,17.0,1
ENEV3,2009,2010,3075592.5,18.0,1
BICB4,2009,2010,3089095.7944,19.0,1
DASA3,2009,2010,3271396.97,20.0,1
BISA3,2009,2010,3382667.7456,21.0,1
TOTS3,2009,2010,3675936.0,22.0,1
MAGG3,2009,2010,3727435.3,23.0,1
CGAS5,2009,2010,3731753.7493,24.0,1
RENT3,2009,2010,3815352.24,25.0,1
CSMG3,2009,2010,3821389.25,26.0,1
RSID3,2009,2010,4051771.8264,27.0,1
BRML3,2009,2010,4310470.5,28.0,1
GFSA3,2009,2010,4709782.48,29.0,1
LREN3,2009,2010,4789176.6,30.0,1
KLBN4,2009,2010,4814797.95,31.0,1
SULA11,2009,2010,4846473.14,32.0,2
AMIL3,2009,2010,4889625.9,33.0,2
AMER3,2009,2010,5267273.2,34.0,2
LIGT3,2009,2010,5291480.6568,35.0,2
ENBR3,2009,2010,5318513.75,36.0,2
TAMM4,2009,2010,5549257.28,37.0,2
ELPL4,2009,2010,5672275.827,38.0,2
MULT3,2009,2010,5755299.55,39.0,2
SUZB5,2009,2010,6277187.7196,40.0,2
PSSA3,2009,2010,6592267.2932,41.0,2
MBRF3,2009,2010,6623406.1587,42.0,2
PDGR3,2009,2010,6764383.3,43.0,2
MRVE3,2009,2010,6787740.0,44.0,2
EMBJ3,2009,2010,6882054.5684,45.0,2
GOLL54,2009,2010,6906636.0,46.0,2
BRKM5,2009,2010,6999047.0089,47.0,2
PRML3,2009,2010,7001811.93,48.0,2
GETI4,2009,2010,7072169.2,49.0,2
FFTL4,2009,2010,7471387.3318,50.0,2
GVTT3,2009,2010,7684323.2503,51.0,2
NETC4,2009,2010,7773296.0,52.0,2
ISAE4,2009,2010,7938699.75,53.0,2
CPLE6,2009,2010,10057878.306,54.0,2
CYRE3,2009,2010,10348481.5,55.0,2
CSAN3,2009,2010,10398724.556,56.0,2
LAME4,2009,2010,10527179.19,57.0,2
UGPA4,2009,2010,10730814.61,58.0,2
WEGE3,2009,2010,11424652.533,59.0,2
OIBR4,2009,2010,12067798.956,60.0,2
ALLL11,2009,2010,13244743.8,61.0,2
GOAU4,2009,2010,13515205.68,62.0,3
EGIE3,2009,2010,14053539.393,63.0,3
TCSL4,2009,2010,14387623.63,64.0,3
TIMS3,2009,2010,14387623.63,65.0,3
TNLP4,2009,2010,15161180.9,66.0,3
NATU3,2009,2010,15623248.94,67.0,3
TMAR5,2009,2010,15877380.25,68.0,3
PCAR4,2009,2010,16546419.64,69.0,3
CPFE3,2009,2010,16945657.41,70.0,3
MOTV3,2009,2010,17607318.352,71.0,3
CMIG4,2009,2010,17643262.0,72.0,3
CRUZ3,2009,2010,17656654.4,73.0,3
FIBR3,2009,2010,18291579.15,74.0,3
VCPA4,2009,2010,18291579.15,75.0,3
RDCD3,2009,2010,19512128.0,76.0,3
BRFS3,2009,2010,19736427.882,77.0,3
CIEL3,2009,2010,20866265.68,78.0,3
VIVT4,2009,2010,20878479.11,79.0,3
VIVO4,2009,2010,21599692.564,80.0,3
JBSS3,2009,2010,21654846.424,81.0,3
USIM5,2009,2010,24553501.131,82.0,3
B3SA3,2009,2010,24558387.322,83.0,3
GGBR4,2009,2010,37941907.48,84.0,3
AXIA3,2009,2010,40100342.26,85.0,3
CSNA3,2009,2010,40823160.0,86.0,3
ITSA4,2009,2010,54569188.305,87.0,3
OGXP3,2009,2010,55267270.11,88.0,3
ABEV3,2009,2010,98213284.0,89.0,3
AMBV4,2009,2010,98213284.0,90.0,3
VALE5,2009,2010,243203602.1,91.0,3
PETR4,2009,2010,347084649.56,92.0,3
KEPL3,2010,2011,458245.2,1.0,1
INEP4,2010,2011,533356.2,2.0,1
PLAS3,2010,2011,607469.5,3.0,1
BEEF3,2010,2011,724612.07364,4.0,1
POSI3,2010,2011,839523.75,5.0,1
LUPA3,2010,2011,919966.46584,6.0,1
VIVR3,2010,2011,984316.05,7.0,1
VLID3,2010,2011,1041457.5,8.0,1
LAND3,2010,2011,1084190.0,9.0,1
SLED4,2010,2011,1118593.61,10.0,1
FESA4,2010,2011,1173547.2,11.0,1
GPIV33,2010,2011,1206248.7118,12.0,1
EQTL3,2010,2011,1240620.105,13.0,1
JHSF3,2010,2011,1491767.6375,14.0,1
NEXP3,2010,2011,1595537.6,15.0,1
PMAM3,2010,2011,1598953.8497,16.0,1
ALSC3,2010,2011,1910697.9,17.0,1
EVEN3,2010,2011,2006323.3088,18.0,1
EZTC3,2010,2011,2010253.924,19.0,1
SLCE3,2010,2011,2154015.6,20.0,1
COCE5,2010,2011,2201815.5936,21.0,1
MYPK3,2010,2011,2286198.3,22.0,1
CNFB4,2010,2011,2495754.061,23.0,1
BRPR3,2010,2011,2533537.92,24.0,1
MAGG3,2010,2011,2633761.7268,25.0,1
RAPT4,2010,2011,2733778.89,26.0,1
POMO4,2010,2011,2955562.5818,27.0,1
SMTO3,2010,2011,2990816.5,28.0,1
PRML3,2010,2011,3279001.55,29.0,1
IGTA3,2010,2011,3285741.2935,30.0,1
CSMG3,2010,2011,3298462.3,31.0,1
BICB4,2010,2011,3314250.05,32.0,1
AMER3,2010,2011,3473910.8775,33.0,1
FLRY3,2010,2011,3499106.3575,34.0,1
ENEV3,2010,2011,3600493.62,35.0,1
BISA3,2010,2011,3755784.5269,36.0,1
RSID3,2010,2011,3934318.7815,37.0,1
ARTR3,2010,2011,4132651.11,38.0,1
HGTX3,2010,2011,4393494.0,39.0,2
SAUD3,2010,2011,4440960.4593,40.0,2
AMAR3,2010,2011,4643303.16,41.0,2
DASA3,2010,2011,5155935.8625,42.0,2
LIGT3,2010,2011,5186043.1458,43.0,2
GFSA3,2010,2011,5188216.6,44.0,2
ELPL4,2010,2011,5233545.34,45.0,2
RENT3,2010,2011,5292433.7059,46.0,2
MMXM3,2010,2011,5311486.79,47.0,2
TOTS3,2010,2011,5316571.0,48.0,2
KLBN4,2010,2011,5320235.6486,49.0,2
MBRF3,2010,2011,5337609.4679,50.0,2
OSXB3,2010,2011,5415637.5,51.0,2
MPLU3,2010,2011,5443672.5,52.0,2
SULA11,2010,2011,5767787.584,53.0,2
AEDU11,2010,2011,5827610.44,54.0,2
SUZB5,2010,2011,5881715.78,55.0,2
TAMM4,2010,2011,5995995.92,56.0,2
ENBR3,2010,2011,6136502.75,57.0,2
AMIL3,2010,2011,6367487.2,58.0,2
MULT3,2010,2011,6573581.4222,59.0,2
GOLL54,2010,2011,6774063.3,60.0,2
BRML3,2010,2011,6896430.0,61.0,2
LREN3,2010,2011,6900483.6,62.0,2
ECOR3,2010,2011,7140173.22,63.0,2
MRVE3,2010,2011,7530810.35,64.0,2
NETC4,2010,2011,7754416.04,65.0,2
OIBR4,2010,2011,7756900.82,66.0,2
DXCO3,2010,2011,8172411.9414,67.0,2
FFTL4,2010,2011,8448621.5262,68.0,2
EMBJ3,2010,2011,8539247.0,69.0,2
GETI4,2010,2011,8656419.5,70.0,2
ISAE4,2010,2011,8748943.9,71.0,2
PSSA3,2010,2011,9208468.5476,72.0,2
CYRE3,2010,2011,9242506.3,73.0,2
TNLP4,2010,2011,10316499.54,74.0,2
ALLL11,2010,2011,10328267.52,75.0,2
LAME4,2010,2011,10387602.994,76.0,3
GOAU4,2010,2011,10451782.4,77.0,3
CPLE6,2010,2011,10849089.282,78.0,3
CSAN3,2010,2011,11214270.87,79.0,3
PDGR3,2010,2011,11239418.72,80.0,3
HYPE3,2010,2011,12342970.38,81.0,3
FIBR3,2010,2011,12377426.063,82.0,3
TMAR5,2010,2011,12380585.991,83.0,3
WEGE3,2010,2011,13535729.632,84.0,3
UGPA4,2010,2011,14078250.1,85.0,3
RDCD3,2010,2011,14161619.05,86.0,3
TCSL4,2010,2011,14737566.1,87.0,3
TIMS3,2010,2011,14737566.1,88.0,3
BRKM5,2010,2011,15133027.637,89.0,3
BRAP4,2010,2011,15224509.77,90.0,3
CMIG4,2010,2011,16441842.84,91.0,3
PCAR4,2010,2011,17847591.3,92.0,3
JBSS3,2010,2011,17872790.039,93.0,3
EGIE3,2010,2011,17917773.17,94.0,3
CIEL3,2010,2011,18295847.157,95.0,3
CPFE3,2010,2011,19822849.756,96.0,3
USIM5,2010,2011,20015650.54,97.0,3
NATU3,2010,2011,20548667.2,98.0,3
VIVT4,2010,2011,20598194.847,99.0,3
MOTV3,2010,2011,20701509.92,100.0,3
BRFS3,2010,2011,23832061.303,101.0,3
B3SA3,2010,2011,25996365.264,102.0,3
AXIA3,2010,2011,26211137.806,103.0,3
CRUZ3,2010,2011,27631319.1,104.0,3
VIVO4,2010,2011,28724083.106,105.0,3
GGBR4,2010,2011,31141151.02,106.0,3
CSNA3,2010,2011,38884062.78,107.0,3
ITSA4,2010,2011,59509615.921,108.0,3
OGXP3,2010,2011,64663232.0,109.0,3
ABEV3,2010,2011,144362370.28,110.0,3
AMBV4,2010,2011,144362370.28,111.0,3
VALE5,2010,2011,275006440.5,112.0,3
PETR4,2010,2011,380246723.17,113.0,3
MILK33,2011,2012,105223.36,1.0,1
INEP4,2011,2012,195669.9,2.0,1
LUPA3,2011,2012,212336.65835,3.0,1
POSI3,2011,2012,497686.9,4.0,1
SLED4,2011,2012,591114.7,5.0,1
FESA4,2011,2012,724778.8,6.0,1
LAND3,2011,2012,742446.4,7.0,1
PMAM3,2011,2012,941499.68915,8.0,1
NEXP3,2011,2012,1065863.7,9.0,1
TECN3,2011,2012,1203568.2548,10.0,1
VLID3,2011,2012,1206608.2,11.0,1
CTAX4,2011,2012,1359355.4281,12.0,1
EQTL3,2011,2012,1383901.9342,13.0,1
AMER3,2011,2012,1438347.033,14.0,1
EVEN3,2011,2012,1441753.2614,15.0,1
LPSB3,2011,2012,1470612.0,16.0,1
YDUQ3,2011,2012,1475180.0,17.0,1
SLCE3,2011,2012,1511093.6825,18.0,1
APER3,2011,2012,1543129.78,19.0,1
KROT11,2011,2012,1563746.3614,20.0,1
MAGG3,2011,2012,1684735.7592,21.0,1
TGMA3,2011,2012,1691309.7,22.0,1
AUTM3,2011,2012,1747603.04,23.0,1
MGLU3,2011,2012,1779152.76,24.0,1
GFSA3,2011,2012,1780247.88,25.0,1
ALOS3,2011,2012,1834171.944,26.0,1
TCSA3,2011,2012,1837170.15,27.0,1
RAIA3,2011,2012,1891453.0775,28.0,1
RAPT4,2011,2012,1970041.32,29.0,1
ALSC3,2011,2012,1987404.75,30.0,1
AZZA3,2011,2012,2044748.2187,31.0,1
CNFB4,2011,2012,2122686.6682,32.0,1
RSID3,2011,2012,2132300.456,33.0,1
BISA3,2011,2012,2178288.0009,34.0,1
EZTC3,2011,2012,2316773.8548,35.0,1
PRML3,2011,2012,2337907.17,36.0,1
MYPK3,2011,2012,2388902.5,37.0,1
BICB4,2011,2012,2410195.35,38.0,1
COCE5,2011,2012,2552331.6206,39.0,1
SUZB5,2011,2012,2682189.74,40.0,1
IGTA3,2011,2012,2737058.2267,41.0,1
AEDU3,2011,2012,2893478.3949,42.0,2
MBRF3,2011,2012,2951862.5802,43.0,2
POMO4,2011,2012,3053747.4116,44.0,2
AMAR3,2011,2012,3155822.1,45.0,2
OSXB3,2011,2012,3226615.0875,46.0,2
STBP11,2011,2012,3260688.174,47.0,2
GOLL54,2011,2012,3317322.2908,48.0,2
PRIO3,2011,2012,3326348.296,49.0,2
BRPR3,2011,2012,3330074.0,50.0,2
FLRY3,2011,2012,3342763.8666,51.0,2
CSMG3,2011,2012,3838695.4,52.0,2
MMXM3,2011,2012,4133805.87,53.0,2
SULA11,2011,2012,4179854.858,54.0,2
ARTR3,2011,2012,4202229.0,55.0,2
ALPA4,2011,2012,4292472.6,56.0,2
ENAT3,2011,2012,4385813.9325,57.0,2
SAUD3,2011,2012,4699301.3424,58.0,2
DASA3,2011,2012,4814981.69,59.0,2
DXCO3,2011,2012,4889462.32,60.0,2
RENT3,2011,2012,5042572.0562,61.0,2
MRVE3,2011,2012,5131912.6,62.0,2
MPLU3,2011,2012,5204223.9413,63.0,2
TOTS3,2011,2012,5303865.4687,64.0,2
HGTX3,2011,2012,5304937.8,65.0,2
HYPE3,2011,2012,5313466.552,66.0,2
MDIA3,2011,2012,5411565.0,67.0,2
TAMM4,2011,2012,5534627.0,68.0,2
LIGT3,2011,2012,5873300.928,69.0,2
AMIL3,2011,2012,5880346.29,70.0,2
LREN3,2011,2012,5945764.61,71.0,2
CYRE3,2011,2012,6094313.12,72.0,2
ALLL3,2011,2012,6330368.9934,73.0,2
ENEV3,2011,2012,6357526.5,74.0,2
FIBR3,2011,2012,6480743.6577,75.0,2
ENBR3,2011,2012,6578787.5,76.0,2
OIBR4,2011,2012,6581676.95,77.0,2
ELPL4,2011,2012,6612921.9,78.0,2
PDGR3,2011,2012,6629428.8,79.0,2
KLBN4,2011,2012,6768797.4269,80.0,2
MULT3,2011,2012,6818665.8995,81.0,2
CTIP3,2011,2012,6845087.1219,82.0,2
PSSA3,2011,2012,6915449.7,83.0,3
GOAU4,2011,2012,6925361.169,84.0,3
ECOR3,2011,2012,7793851.05,85.0,3
BRML3,2011,2012,8091757.8,86.0,3
EMBJ3,2011,2012,8510323.92,87.0,3
ISAE4,2011,2012,8595520.23,88.0,3
TNLP4,2011,2012,8927971.06,89.0,3
GETI4,2011,2012,9608307.0,90.0,3
BRKM5,2011,2012,9780872.02,91.0,3
CPLE6,2011,2012,9792503.8842,92.0,3
LAME4,2011,2012,10268950.85,93.0,3
CSAN3,2011,2012,10969533.0,94.0,3
BRAP4,2011,2012,11485177.71,95.0,3
WEGE3,2011,2012,11641816.444,96.0,3
USIM5,2011,2012,13539203.775,97.0,3
FFTL4,2011,2012,14156243.753,98.0,3
NATU3,2011,2012,15527148.42,99.0,3
TMAR5,2011,2012,16904063.5,100.0,3
UGPA4,2011,2012,17163199.904,101.0,3
PCAR4,2011,2012,17420402.0,102.0,3
JBSS3,2011,2012,18022684.968,103.0,3
B3SA3,2011,2012,18894321.482,104.0,3
EGIE3,2011,2012,19556156.072,105.0,3
RDCD3,2011,2012,19641238.968,106.0,3
CMIG4,2011,2012,20913593.58,107.0,3
MOTV3,2011,2012,21575475.584,108.0,3
CSNA3,2011,2012,21840392.218,109.0,3
TCSL4,2011,2012,22331571.644,110.0,3
TIMS3,2011,2012,22331571.644,111.0,3
GGBR4,2011,2012,23434183.786,112.0,3
CPFE3,2011,2012,25038376.245,113.0,3
CIEL3,2011,2012,26246308.741,114.0,3
AXIA3,2011,2012,26523902.409,115.0,3
BRFS3,2011,2012,31665507.542,116.0,3
CRUZ3,2011,2012,35016812.41,117.0,3
OGXP3,2011,2012,44043681.81,118.0,3
ITSA4,2011,2012,55001977.2,119.0,3
VIVT4,2011,2012,56145295.109,120.0,3
ABEV3,2011,2012,187553882.2,121.0,3
AMBV4,2011,2012,187553882.2,122.0,3
VALE5,2011,2012,197946380.26,123.0,3
PETR4,2011,2012,291564346.07,124.0,3
ETER3,2012,2013,724715.1,1.0,1
SLED4,2012,2013,733943.85,2.0,1
NEXP3,2012,2013,1297535.2,3.0,1
PRIO3,2012,2013,1397301.8345,4.0,1
LAND3,2012,2013,1429592.92,5.0,1
TCSA3,2012,2013,1471385.24,6.0,1
PMAM3,2012,2013,1582996.0875,7.0,1
BEEF3,2012,2013,1607827.5534,8.0,1
PRML3,2012,2013,1665650.4,9.0,1
APER3,2012,2013,1859369.62,10.0,1
RSID3,2012,2013,1863818.5885,11.0,1
TECN3,2012,2013,1938847.3094,12.0,1
BISA3,2012,2013,1949330.4064,13.0,1
SLCE3,2012,2013,1952023.4928,14.0,1
GFSA3,2012,2013,2037687.3,15.0,1
IMCH3,2012,2013,2124555.1283,16.0,1
LPSB3,2012,2013,2157586.2,17.0,1
EVEN3,2012,2013,2192958.0352,18.0,1
MGLU3,2012,2013,2265902.1,19.0,1
TGMA3,2012,2013,2307795.0,20.0,1
MAGG3,2012,2013,2407551.5805,21.0,1
HBOR3,2012,2013,2450902.05,22.0,1
ALOS3,2012,2013,2464668.5498,23.0,1
VLID3,2012,2013,2526387.5,24.0,1
MYPK3,2012,2013,2586708.3,25.0,1
AUTM3,2012,2013,2646586.16,26.0,1
AMER3,2012,2013,2661118.035,27.0,1
MMXM3,2012,2013,2778241.8,28.0,1
ELPL4,2012,2013,2811379.2,29.0,1
RAPT4,2012,2013,2819545.05,30.0,1
SIMH3,2012,2013,3006230.276,31.0,1
ABRE11,2012,2013,3027820.5926,32.0,1
OSXB3,2012,2013,3128037.1452,33.0,1
SMTO3,2012,2013,3142349.028,34.0,1
LEVE3,2012,2013,3199974.0182,35.0,1
YDUQ3,2012,2013,3426046.4,36.0,1
ENAT3,2012,2013,3440299.4909,37.0,1
EQTL3,2012,2013,3469618.2845,38.0,1
AZZA3,2012,2013,3493182.6915,39.0,1
COCE5,2012,2013,3499162.3407,40.0,1
GOLL54,2012,2013,3564528.7869,41.0,1
FLRY3,2012,2013,3603133.0348,42.0,2
BPHA3,2012,2013,3666959.568,43.0,2
JHSF3,2012,2013,3705702.9734,44.0,2
EZTC3,2012,2013,3770809.884,45.0,2
ALSC3,2012,2013,3825759.566,46.0,2
STBP11,2012,2013,3878700.24,47.0,2
MBRF3,2012,2013,4039080.8245,48.0,2
DASA3,2012,2013,4097394.0962,49.0,2
IGTA3,2012,2013,4312783.2967,50.0,2
PDGR3,2012,2013,4414374.88,51.0,2
LIGT3,2012,2013,4551808.2192,52.0,2
GRND3,2012,2013,4958872.8,53.0,2
SULA11,2012,2013,4969123.7181,54.0,2
AEDU3,2012,2013,5036512.3228,55.0,2
CSMG3,2012,2013,5220556.25,56.0,2
QUAL3,2012,2013,5586739.4096,57.0,2
POMO4,2012,2013,5588904.7302,58.0,2
ALLL3,2012,2013,5656491.0038,59.0,2
SAUD3,2012,2013,5700793.1182,60.0,2
ALPA4,2012,2013,5706419.4,61.0,2
MRVE3,2012,2013,5719623.38,62.0,2
ISAE4,2012,2013,5778520.8532,63.0,2
ENBR3,2012,2013,5939919.26,64.0,2
AMAR3,2012,2013,6032655.97,65.0,2
KROT11,2012,2013,6195927.5,66.0,2
ENEV3,2012,2013,6447398.3,67.0,2
CTIP3,2012,2013,6517933.041,68.0,2
ARTR3,2012,2013,6527213.8,69.0,2
TOTS3,2012,2013,6528233.4786,70.0,2
CGAS5,2012,2013,6615219.3,71.0,2
HGTX3,2012,2013,6895765.76,72.0,2
CYRE3,2012,2013,7372594.23,73.0,2
RENT3,2012,2013,7429773.6106,74.0,2
PSSA3,2012,2013,7594152.57,75.0,2
SUZB5,2012,2013,7652031.66,76.0,2
MPLU3,2012,2013,7728936.6823,77.0,2
CPLE6,2012,2013,7732173.3675,78.0,2
BRPR3,2012,2013,7946131.5,79.0,2
DXCO3,2012,2013,8155991.25,80.0,2
GETI4,2012,2013,8478385.06,81.0,2
GOAU4,2012,2013,8639642.3193,82.0,2
BRKM5,2012,2013,8744875.8656,83.0,3
MDIA3,2012,2013,8859310.5,84.0,3
CZLT33,2012,2013,9396526.3465,85.0,3
ECOR3,2012,2013,9662447.9,86.0,3
AXIA6,2012,2013,9664346.6355,87.0,3
LREN3,2012,2013,9902557.5,88.0,3
HYPE3,2012,2013,10401171.263,89.0,3
EMBJ3,2012,2013,10495902.0,90.0,3
MULT3,2012,2013,10734410.633,91.0,3
KLBN4,2012,2013,11188132.54,92.0,3
BRAP4,2012,2013,11196308.4,93.0,3
AMIL3,2012,2013,11314144.95,94.0,3
BRML3,2012,2013,12180399.84,95.0,3
FIBR3,2012,2013,12486829.975,96.0,3
USIM5,2012,2013,13094000.726,97.0,3
OIBR4,2012,2013,14077429.68,98.0,3
OGXP3,2012,2013,14173753.54,99.0,3
WEGE3,2012,2013,16737435.783,100.0,3
CSAN3,2012,2013,16906341.61,101.0,3
JBSS3,2012,2013,17076744.678,102.0,3
LAME4,2012,2013,17143782.445,103.0,3
CSNA3,2012,2013,17291525.481,104.0,3
CMIG4,2012,2013,19000813.3,105.0,3
TIMS3,2012,2013,19818061.416,106.0,3
CPFE3,2012,2013,20592669.164,107.0,3
EGIE3,2012,2013,21768952.103,108.0,3
PCAR4,2012,2013,23817518.5,109.0,3
UGPA3,2012,2013,24830531.848,110.0,3
NATU3,2012,2013,25174034.72,111.0,3
B3SA3,2012,2013,27042014.93,112.0,3
GGBR4,2012,2013,29048061.258,113.0,3
MOTV3,2012,2013,34340671.04,114.0,3
BRFS3,2012,2013,36533668.302,115.0,3
CIEL3,2012,2013,37292457.738,116.0,3
CRUZ3,2012,2013,47091575.31,117.0,3
VIVT4,2012,2013,53000082.4,118.0,3
ITSA4,2012,2013,55930079.4,119.0,3
VALE5,2012,2013,215110249.26,120.0,3
PETR4,2012,2013,254851855.06,121.0,3
ABEV3,2012,2013,264301506.06,122.0,3
AMBV4,2012,2013,264301506.06,123.0,3
CCXC3,2013,2014,168421.70466,1.0,1
OSXB3,2013,2014,190664.04,2.0,1
PRIO3,2013,2014,270694.73886,3.0,1
PFRM3,2013,2014,607086.16,4.0,1
BISA3,2013,2014,655498.8178,5.0,1
SLED4,2013,2014,677066.17,6.0,1
MMXM3,2013,2014,681258.9,7.0,1
OGXP3,2013,2014,776644.0296,8.0,1
RSID3,2013,2014,855376.48188,9.0,1
NEXP3,2013,2014,1116261.9,10.0,1
TGMA3,2013,2014,1186878.87,11.0,1
TECN3,2013,2014,1257706.3752,12.0,1
LAND3,2013,2014,1328864.32,13.0,1
MGLU3,2013,2014,1389154.7,14.0,1
ALOS3,2013,2014,1393206.4391,15.0,1
GFSA3,2013,2014,1470103.8,16.0,1
IMCH3,2013,2014,1537741.2223,17.0,1
ELPL4,2013,2014,1566339.84,18.0,1
TCSA3,2013,2014,1625415.68,19.0,1
LPSB3,2013,2014,1651676.08,20.0,1
PMAM3,2013,2014,1662784.1968,21.0,1
BEEF3,2013,2014,1668144.2645,22.0,1
TPIS3,2013,2014,1672000.0,23.0,1
MAGG3,2013,2014,1704537.3406,24.0,1
APER3,2013,2014,1722424.926,25.0,1
BPHA3,2013,2014,1733158.6724,26.0,1
VLID3,2013,2014,1790191.2,27.0,1
DIRR3,2013,2014,1833892.176,28.0,1
JHSF3,2013,2014,1839935.978,29.0,1
EVEN3,2013,2014,1901341.2752,30.0,1
PRML3,2013,2014,1919671.92,31.0,1
SLCE3,2013,2014,2009037.186,32.0,1
HBOR3,2013,2014,2010060.0,33.0,1
MBRF3,2013,2014,2081144.728,34.0,1
ENEV3,2013,2014,2107572.0,35.0,1
AUTM3,2013,2014,2190799.2,36.0,1
LINX3,2013,2014,2230497.96,37.0,1
PDGR3,2013,2014,2395107.84,38.0,1
AMER3,2013,2014,2427917.8145,39.0,1
MYPK3,2013,2014,2473999.2,40.0,1
STBP11,2013,2014,2520705.66,41.0,1
ENAT3,2013,2014,2543754.8214,42.0,1
AZZA3,2013,2014,2636950.75,43.0,1
RAPT4,2013,2014,2638402.41,44.0,2
FLRY3,2013,2014,2875797.7504,45.0,2
GOLL54,2013,2014,2899969.0185,46.0,2
ABRE11,2013,2014,2908334.5145,47.0,2
ALSC3,2013,2014,2910174.336,48.0,2
SMTO3,2013,2014,3222080.2348,49.0,2
ALUP11,2013,2014,3384884.75,50.0,2
COCE5,2013,2014,3394899.1942,51.0,2
SIMH3,2013,2014,3421240.4066,52.0,2
AMAR3,2013,2014,3450913.8,53.0,2
LEVE3,2013,2014,3515652.9,54.0,2
IGTA3,2013,2014,3919420.7494,55.0,2
MRVE3,2013,2014,3993830.52,56.0,2
EZTC3,2013,2014,4275540.8568,57.0,2
CSMG3,2013,2014,4438964.4,58.0,2
ALLL3,2013,2014,4482508.621,59.0,2
POMO4,2013,2014,4484777.4222,60.0,2
LIGT3,2013,2014,4511021.4072,61.0,2
DASA3,2013,2014,4522976.3488,62.0,2
EQTL3,2013,2014,4594056.1988,63.0,2
MPLU3,2013,2014,4847178.5296,64.0,2
HGTX3,2013,2014,4921868.9,65.0,2
SULA11,2013,2014,4946331.5716,66.0,2
ISAE4,2013,2014,5126541.1254,67.0,2
SAUD3,2013,2014,5221862.3629,68.0,2
ENBR3,2013,2014,5397764.9,69.0,2
GRND3,2013,2014,5430129.57,70.0,2
BRPR3,2013,2014,5607918.6,71.0,2
ALPA4,2013,2014,5840925.56,72.0,2
CYRE3,2013,2014,5864544.0,73.0,2
OIBR4,2013,2014,5897995.68,74.0,2
YDUQ3,2013,2014,5988600.15,75.0,2
QUAL3,2013,2014,5998559.3325,76.0,2
TOTS3,2013,2014,6028313.0107,77.0,2
TAEE11,2013,2014,6269881.8,78.0,2
CTIP3,2013,2014,6301158.7562,79.0,2
CGAS5,2013,2014,6393685.11,80.0,2
AEDU3,2013,2014,6512354.6667,81.0,2
ARTR3,2013,2014,6561658.2,82.0,2
RENT3,2013,2014,6906602.5441,83.0,2
GETI4,2013,2014,7023395.08,84.0,2
CPLE6,2013,2014,7161092.8104,85.0,2
LREN3,2013,2014,7679595.0,86.0,2
BRML3,2013,2014,7774902.3,87.0,3
DXCO3,2013,2014,7938050.1,88.0,3
BRAP4,2013,2014,8181003.9,89.0,3
ECOR3,2013,2014,8260723.6,90.0,3
CZLT33,2013,2014,8734799.139,91.0,3
GOAU4,2013,2014,8900653.9658,92.0,3
AXIA6,2013,2014,9018232.4072,93.0,3
MULT3,2013,2014,9359619.248,94.0,3
PSSA3,2013,2014,9617966.75,95.0,3
SUZB5,2013,2014,10023533.52,96.0,3
KLBN4,2013,2014,10514845.979,97.0,3
COGN3,2013,2014,10536638.06,98.0,3
HYPE3,2013,2014,11149362.335,99.0,3
MDIA3,2013,2014,11345000.0,100.0,3
DAGB33,2013,2014,12872966.531,101.0,3
USIM5,2013,2014,13122183.413,102.0,3
EMBJ3,2013,2014,13808004.41,103.0,3
LAME4,2013,2014,14154560.806,104.0,3
BRKM5,2013,2014,14685813.456,105.0,3
FIBR3,2013,2014,15297334.794,106.0,3
CSAN3,2013,2014,16022744.49,107.0,3
CMIG4,2013,2014,17708798.4,108.0,3
NATU3,2013,2014,17749053.84,109.0,3
CPFE3,2013,2014,18369815.623,110.0,3
WEGE3,2013,2014,19332645.976,111.0,3
B3SA3,2013,2014,20943026.387,112.0,3
CSNA3,2013,2014,20965610.153,113.0,3
EGIE3,2013,2014,23459554.38,114.0,3
JBSS3,2013,2014,25156340.08,115.0,3
PCAR4,2013,2014,27719320.2,116.0,3
GGBR4,2013,2014,29396537.143,117.0,3
TIMS3,2013,2014,29799597.226,118.0,3
UGPA3,2013,2014,30012276.018,119.0,3
MOTV3,2013,2014,31374484.544,120.0,3
CRUZ3,2013,2014,36850953.61,121.0,3
BRFS3,2013,2014,42516357.801,122.0,3
VIVT4,2013,2014,47754301.348,123.0,3
BBSE3,2013,2014,49000000.0,124.0,3
CIEL3,2013,2014,51562062.379,125.0,3
ITSA4,2013,2014,56692598.9,126.0,3
VALE5,2013,2014,178163245.4,127.0,3
PETR4,2013,2014,214687733.9,128.0,3
ABEV3,2013,2014,270935478.32,129.0,3
AMBV4,2013,2014,270935478.32,130.0,3
PRIO3,2014,2015,137437.83438,1.0,1
SLED4,2014,2015,201778.1924,2.0,1
RSID3,2014,2015,283706.18121,3.0,1
APER3,2014,2015,318751.2206,4.0,1
ENEV3,2014,2015,336042.4,5.0,1
PFRM3,2014,2015,362359.93,6.0,1
NEXP3,2014,2015,471270.69,7.0,1
LAND3,2014,2015,548172.48,8.0,1
TCSA3,2014,2015,690897.9,9.0,1
LPSB3,2014,2015,743483.0,10.0,1
GFSA3,2014,2015,832007.0,11.0,1
BPHA3,2014,2015,940302.31274,12.0,1
IMCH3,2014,2015,1010047.116,13.0,1
TGMA3,2014,2015,1047750.2913,14.0,1
PDGR3,2014,2015,1138007.04,15.0,1
MYPK3,2014,2015,1154083.4,16.0,1
PRML3,2014,2015,1194313.82,17.0,1
HBOR3,2014,2015,1224075.0,18.0,1
EVEN3,2014,2015,1224997.0867,19.0,1
DIRR3,2014,2015,1242987.1221,20.0,1
RAPT4,2014,2015,1309184.22,21.0,1
KEPL3,2014,2015,1323342.7,22.0,1
SLCE3,2014,2015,1371236.4774,23.0,1
MGLU3,2014,2015,1380874.6236,24.0,1
ELPL4,2014,2015,1449199.04,25.0,1
BEEF3,2014,2015,1762200.891,26.0,1
BISA3,2014,2015,1792489.6,27.0,1
STBP11,2014,2015,1847851.6,28.0,1
ENAT3,2014,2015,1856536.3656,29.0,1
CVCB3,2014,2015,2037712.6925,30.0,1
VLID3,2014,2015,2357991.2,31.0,1
LINX3,2014,2015,2361632.5,32.0,1
AZZA3,2014,2015,2390866.72,33.0,1
FLRY3,2014,2015,2544455.8357,34.0,1
TUPY3,2014,2015,2573577.3,35.0,1
ALSC3,2014,2015,2605417.8696,36.0,1
LEVE3,2014,2015,2689346.16,37.0,1
AMAR3,2014,2015,2690228.5,38.0,1
SIMH3,2014,2015,2707606.2308,39.0,1
ANIM3,2014,2015,2929309.2468,40.0,1
ABRE11,2014,2015,2965431.8829,41.0,1
SEDU3,2014,2015,2965431.8829,42.0,2
POMO4,2014,2015,2983546.4264,43.0,2
CSMG3,2014,2015,3004653.86,44.0,2
BRPR3,2014,2015,3056837.0,45.0,2
MBRF3,2014,2015,3174181.8236,46.0,2
ALPA4,2014,2015,3207559.8,47.0,2
EZTC3,2014,2015,3227930.64,48.0,2
HGTX3,2014,2015,3321688.5,49.0,2
MRVE3,2014,2015,3343620.0,50.0,2
ALLL3,2014,2015,3450912.2329,51.0,2
LIGT3,2014,2015,3470957.7012,52.0,2
ALUP11,2014,2015,3674422.584,53.0,2
SEER3,2014,2015,3705059.89,54.0,2
SMTO3,2014,2015,4090217.9275,55.0,2
GOAU4,2014,2015,4225141.0054,56.0,2
CYRE3,2014,2015,4235272.16,57.0,2
ENBR3,2014,2015,4265898.78,58.0,2
GOLL54,2014,2015,4266064.7126,59.0,2
ARTR3,2014,2015,4271105.6,60.0,2
SULA11,2014,2015,4313929.3794,61.0,2
IGTA3,2014,2015,4338826.9188,62.0,2
GRND3,2014,2015,4590918.0,63.0,2
BRAP4,2014,2015,4693454.13,64.0,2
RIAA3,2014,2015,4804176.0,65.0,2
MPLU3,2014,2015,5191890.336,66.0,2
SAUD3,2014,2015,5198655.4003,67.0,2
DXCO3,2014,2015,5324524.37,68.0,2
EQTL3,2014,2015,5496991.6504,69.0,2
CZLT33,2014,2015,5534686.3635,70.0,2
TOTS3,2014,2015,5670842.135,71.0,2
AMER3,2014,2015,5733070.1604,72.0,2
ECOR3,2014,2015,5931927.56,73.0,2
GETI4,2014,2015,6361337.39,74.0,2
TAEE11,2014,2015,6490361.16,75.0,2
ISAE4,2014,2015,6692267.3825,76.0,2
CSNA3,2014,2015,7308075.7404,77.0,2
OIBR4,2014,2015,7406189.46,78.0,2
RENT3,2014,2015,7421331.0552,79.0,2
YDUQ3,2014,2015,7457494.14,80.0,2
BRML3,2014,2015,7550258.63,81.0,2
QUAL3,2014,2015,7600869.9464,82.0,3
CPLE6,2014,2015,8228886.0825,83.0,3
CTIP3,2014,2015,8447534.7922,84.0,3
AXIA6,2014,2015,8477017.3703,85.0,3
USIM5,2014,2015,8631968.4233,86.0,3
VVAR11,2014,2015,8855414.34,87.0,3
MULT3,2014,2015,8927593.9366,88.0,3
LREN3,2014,2015,9741895.65,89.0,3
PSSA3,2014,2015,9828107.2,90.0,3
MDIA3,2014,2015,10323950.0,91.0,3
HYPE3,2014,2015,10524467.53,92.0,3
BRKM5,2014,2015,10905755.356,93.0,3
CSAN3,2014,2015,11708969.083,94.0,3
SUZB5,2014,2015,12224227.5,95.0,3
NATU3,2014,2015,13664669.2,96.0,3
KLBN11,2014,2015,13915750.827,97.0,3
DAGB33,2014,2015,14485505.409,98.0,3
GGBR4,2014,2015,15448754.681,99.0,3
CMIG4,2014,2015,16811517.24,100.0,3
CPFE3,2014,2015,17792451.067,101.0,3
B3SA3,2014,2015,17810558.777,102.0,3
EMBJ3,2014,2015,17962666.8,103.0,3
FIBR3,2014,2015,17986124.925,104.0,3
LAME4,2014,2015,18540360.656,105.0,3
EGIE3,2014,2015,22082268.355,106.0,3
WEGE3,2014,2015,24682949.543,107.0,3
COGN3,2014,2015,25131318.809,108.0,3
PCAR4,2014,2015,26141881.5,109.0,3
MOTV3,2014,2015,27207698.752,110.0,3
UGPA3,2014,2015,28259269.563,111.0,3
TIMS3,2014,2015,28510387.042,112.0,3
CRUZ3,2014,2015,29529673.32,113.0,3
JBSS3,2014,2015,32354722.691,114.0,3
VIVT4,2014,2015,49495632.13,115.0,3
BRFS3,2014,2015,54557265.098,116.0,3
ITSA4,2014,2015,58006760.3,117.0,3
BBSE3,2014,2015,64319701.33,118.0,3
CIEL3,2014,2015,65273303.572,119.0,3
VALE5,2014,2015,107636951.29,120.0,3
PETR4,2014,2015,127505604.72,121.0,3
ABEV3,2014,2015,254851916.44,122.0,3
RSID3,2015,2016,53561.04896,1.0,1
PDGR3,2015,2016,80183.8402,2.0,1
APER3,2015,2016,91962.621,3.0,1
MGLU3,2015,2016,386078.87105,4.0,1
HBOR3,2015,2016,404589.0,5.0,1
RLOG3,2015,2016,430208.22284,6.0,1
TCSA3,2015,2016,473760.9,7.0,1
DIRR3,2015,2016,513398.49678,8.0,1
RAPT4,2015,2016,681852.7,9.0,1
EVEN3,2015,2016,885499.3636,10.0,1
GFSA3,2015,2016,892978.83,11.0,1
SEER3,2015,2016,961235.2288,12.0,1
ANIM3,2015,2016,1139776.2516,13.0,1
MYPK3,2015,2016,1163543.1,14.0,1
GOAU4,2015,2016,1458624.1442,15.0,1
ENAT3,2015,2016,1503278.7516,16.0,1
ELPL4,2015,2016,1512257.6,17.0,1
WIZC3,2015,2016,1547899.76,18.0,1
OIBR4,2015,2016,1551439.05,19.0,1
SLCE3,2015,2016,1596523.4786,20.0,1
POMO4,2015,2016,1597061.9512,21.0,1
VVAR11,2015,2016,1617778.3,22.0,1
BRAP4,2015,2016,1669495.61,23.0,1
ALSC3,2015,2016,1762757.1565,24.0,1
CVCB3,2015,2016,1808058.2805,25.0,1
CSMG3,2015,2016,1849568.5,26.0,1
AZZA3,2015,2016,1863435.0,27.0,1
RUMO3,2015,2016,1865859.2035,28.0,1
EZTC3,2015,2016,2004066.0262,29.0,1
LIGT3,2015,2016,2018947.194,30.0,1
LINX3,2015,2016,2074879.1,31.0,1
HGTX3,2015,2016,2446954.38,32.0,1
FLRY3,2015,2016,2500693.696,33.0,1
BRPR3,2015,2016,2511079.76,34.0,1
BEEF3,2015,2016,2553516.2366,35.0,1
PRML3,2015,2016,2638596.5,36.0,1
TUPY3,2015,2016,2696128.6,37.0,2
ALUP11,2015,2016,2739152.89,38.0,2
VLID3,2015,2016,2748050.0,39.0,2
USIM5,2015,2016,2772461.4485,40.0,2
ECOR3,2015,2016,2832411.94,41.0,2
CYRE3,2015,2016,2843107.5,42.0,2
RIAA3,2015,2016,2946840.0,43.0,2
LEVE3,2015,2016,3175635.375,44.0,2
MBRF3,2015,2016,3306374.2293,45.0,2
ARTR3,2015,2016,3323884.6,46.0,2
IGTA3,2015,2016,3336459.183,47.0,2
SEDU3,2015,2016,3560083.1311,48.0,2
CZLT33,2015,2016,3793020.3534,49.0,2
MRVE3,2015,2016,3829260.12,50.0,2
QUAL3,2015,2016,3875546.2607,51.0,2
ALPA4,2015,2016,3880413.84,52.0,2
DXCO3,2015,2016,3912166.1,53.0,2
AMER3,2015,2016,3918958.6837,54.0,2
SMLS3,2015,2016,4282845.6396,55.0,2
YDUQ3,2015,2016,4293642.6,56.0,2
SAUD3,2015,2016,4991078.169,57.0,2
GRND3,2015,2016,5063030.2,58.0,2
TOTS3,2015,2016,5071495.1656,59.0,2
RENT3,2015,2016,5133259.8437,60.0,2
BRML3,2015,2016,5135659.2,61.0,2
SMTO3,2015,2016,5176731.1209,62.0,2
CSNA3,2015,2016,5428532.188,63.0,2
CPLE6,2015,2016,5446067.6485,64.0,2
GETI4,2015,2016,5510943.77,65.0,2
ENBR3,2015,2016,5725910.96,66.0,2
TAEE11,2015,2016,5770358.25,67.0,2
MPLU3,2015,2016,6048468.4081,68.0,2
SULA11,2015,2016,6219407.5285,69.0,2
EQTL3,2015,2016,6799630.9325,70.0,2
MULT3,2015,2016,7137201.572,71.0,2
GGBR4,2015,2016,7173878.3103,72.0,3
ISAE4,2015,2016,7194804.2801,73.0,3
MDIA3,2015,2016,7514500.0,74.0,3
CMIG4,2015,2016,7643699.6698,75.0,3
AXIA6,2015,2016,9034104.614,76.0,3
PSSA3,2015,2016,9307605.47,77.0,3
CTIP3,2015,2016,9743102.25,78.0,3
NATU3,2015,2016,10107371.16,79.0,3
CSAN3,2015,2016,10227591.712,80.0,3
LREN3,2015,2016,10938716.1,81.0,3
PCAR4,2015,2016,11112532.34,82.0,3
HYPE3,2015,2016,13725874.496,83.0,3
CPFE3,2015,2016,15073955.783,84.0,3
COGN3,2015,2016,15388152.173,85.0,3
TIMS3,2015,2016,16602823.014,86.0,3
BRKM5,2015,2016,16690446.72,87.0,3
B3SA3,2015,2016,19407013.526,88.0,3
LAME4,2015,2016,19732679.263,89.0,3
SUZB5,2015,2016,20340586.356,90.0,3
EGIE3,2015,2016,21860336.01,91.0,3
MOTV3,2015,2016,22158119.36,92.0,3
EMBJ3,2015,2016,22248550.69,93.0,3
WEGE3,2015,2016,24112073.055,94.0,3
DAGB33,2015,2016,25812144.609,95.0,3
KLBN11,2015,2016,25968329.435,96.0,3
FIBR3,2015,2016,28707990.462,97.0,3
UGPA3,2015,2016,32829412.083,98.0,3
JBSS3,2015,2016,34492401.512,99.0,3
BRFS3,2015,2016,44307621.373,100.0,3
ITSA4,2015,2016,46861259.52,101.0,3
BBSE3,2015,2016,48613688.283,102.0,3
VIVT4,2015,2016,59065822.464,103.0,3
VALE5,2015,2016,61678209.09,104.0,3
CIEL3,2015,2016,63210697.042,105.0,3
PETR4,2015,2016,101315518.88,106.0,3
ABEV3,2015,2016,279978927.9,107.0,3
PDGR3,2016,2017,58538.48,1.0,1
TCSA3,2016,2017,576720.0,2.0,1
DIRR3,2016,2017,667196.87424,3.0,1
GFSA3,2016,2017,676863.3,4.0,1
FESA4,2016,2017,773246.392,5.0,1
MEAL3,2016,2017,805297.052,6.0,1
EVEN3,2016,2017,823001.2564,7.0,1
RAPT4,2016,2017,1069531.59,8.0,1
ANIM3,2016,2017,1090774.5797,9.0,1
MYPK3,2016,2017,1101601.82,10.0,1
ENAT3,2016,2017,1374352.6151,11.0,1
SLCE3,2016,2017,1405835.8453,12.0,1
VLID3,2016,2017,1589792.61,13.0,1
OIBR4,2016,2017,1717756.51,14.0,1
TUPY3,2016,2017,1731577.78,15.0,1
RLOG3,2016,2017,1828788.0591,16.0,1
WIZC3,2016,2017,2152352.0157,17.0,1
AZZA3,2016,2017,2226230.16,18.0,1
BRPR3,2016,2017,2236710.0,19.0,1
MGLU3,2016,2017,2258653.4666,20.0,1
POMO4,2016,2017,2319915.147,21.0,1
SEER3,2016,2017,2330683.3405,22.0,1
HGTX3,2016,2017,2432883.6,23.0,1
EZTC3,2016,2017,2582277.9039,24.0,1
ELPL4,2016,2017,2652397.84,25.0,1
LEVE3,2016,2017,2663684.46,26.0,1
BEEF3,2016,2017,2861706.0119,27.0,1
LINX3,2016,2017,2873332.6499,28.0,1
PRML3,2016,2017,2876530.05,29.0,1
ALSC3,2016,2017,2919161.8484,30.0,1
CVCB3,2016,2017,3148399.0791,31.0,1
MBRF3,2016,2017,3445789.5165,32.0,1
AMER3,2016,2017,3493128.2916,33.0,1
LIGT3,2016,2017,3540295.2816,34.0,1
CYRE3,2016,2017,3924670.23,35.0,1
TOTS3,2016,2017,3926812.6461,36.0,2
ALPA4,2016,2017,4362152.37,37.0,2
GOAU4,2016,2017,4441035.5366,38.0,2
ECOR3,2016,2017,4585279.84,39.0,2
CSMG3,2016,2017,4613381.0,40.0,2
VVAR11,2016,2017,4616177.1,41.0,2
DXCO3,2016,2017,4687233.2,42.0,2
IGTA3,2016,2017,4708873.2823,43.0,2
MRVE3,2016,2017,4827504.74,44.0,2
YDUQ3,2016,2017,4872694.088,45.0,2
BRAP4,2016,2017,4890976.73,46.0,2
GRND3,2016,2017,5285427.0,47.0,2
QUAL3,2016,2017,5304003.0313,48.0,2
CGAS5,2016,2017,5307837.36,49.0,2
ALUP11,2016,2017,5365648.0406,50.0,2
MPLU3,2016,2017,5476352.8274,51.0,2
AESB3,2016,2017,5524818.15,52.0,2
SMLS3,2016,2017,5526091.4493,53.0,2
FLRY3,2016,2017,5601154.2063,54.0,2
SULA11,2016,2017,6025626.774,55.0,2
CPLE6,2016,2017,6286353.7176,56.0,2
SMTO3,2016,2017,6576972.636,57.0,2
CZLT33,2016,2017,6577568.4426,58.0,2
SAUD3,2016,2017,6689054.6352,59.0,2
RENT3,2016,2017,7121182.0,60.0,2
TAEE11,2016,2017,7144909.26,61.0,2
BRML3,2016,2017,7291113.25,62.0,2
USIM5,2016,2017,7953445.1249,63.0,2
ENBR3,2016,2017,8121646.2,64.0,2
RUMO3,2016,2017,8221557.6137,65.0,2
PSSA3,2016,2017,8696581.7,66.0,2
CMIG4,2016,2017,9772876.56,67.0,2
NATU3,2016,2017,9905552.04,68.0,2
ISAE4,2016,2017,10306916.36,69.0,2
EQTL3,2016,2017,10807972.604,70.0,2
MULT3,2016,2017,11204799.417,71.0,3
CTIP3,2016,2017,11602175.316,72.0,3
EMBJ3,2016,2017,11752944.0,73.0,3
MDIA3,2016,2017,12996130.0,74.0,3
PCAR4,2016,2017,14554904.25,75.0,3
CSNA3,2016,2017,14724893.56,76.0,3
LREN3,2016,2017,14887906.67,77.0,3
SUZB5,2016,2017,15480754.8,78.0,3
CSAN3,2016,2017,15537152.654,79.0,3
HYPE3,2016,2017,16451300.705,80.0,3
GGBR4,2016,2017,16798047.122,81.0,3
FIBR3,2016,2017,17643032.862,82.0,3
KLBN11,2016,2017,18867916.014,83.0,3
TIMS3,2016,2017,18950452.508,84.0,3
RADL3,2016,2017,20163856.013,85.0,3
COGN3,2016,2017,21646036.511,86.0,3
DAGB33,2016,2017,21830168.997,87.0,3
LAME4,2016,2017,21833658.177,88.0,3
EGIE3,2016,2017,22845976.72,89.0,3
WEGE3,2016,2017,25006171.778,90.0,3
BRKM5,2016,2017,25346028.684,91.0,3
CPFE3,2016,2017,25661630.747,92.0,3
MOTV3,2016,2017,28178771.712,93.0,3
B3SA3,2016,2017,29492587.559,94.0,3
JBSS3,2016,2017,31026199.576,95.0,3
AXIA3,2016,2017,31671129.421,96.0,3
UGPA3,2016,2017,37187087.503,97.0,3
BRFS3,2016,2017,38552003.071,98.0,3
BBSE3,2016,2017,56503965.28,99.0,3
ITSA4,2016,2017,60592204.92,100.0,3
CIEL3,2016,2017,62906551.503,101.0,3
VIVT4,2016,2017,69460847.953,102.0,3
VALE5,2016,2017,127734200.52,103.0,3
PETR4,2016,2017,209377550.17,104.0,3
ABEV3,2016,2017,257498089.2,105.0,3
RSID3,2017,2018,120344.98332,1.0,1
GFSA3,2017,2018,554506.92,2.0,1
TPIS3,2017,2018,582983.52,3.0,1
TCSA3,2017,2018,682255.52,4.0,1
DIRR3,2017,2018,827372.1801,5.0,1
PTBL3,2017,2018,870104.61,6.0,1
HBOR3,2017,2018,886166.96,7.0,1
JHSF3,2017,2018,919673.902,8.0,1
TEND3,2017,2018,1080700.0,9.0,1
PMAM3,2017,2018,1095365.7234,10.0,1
EVEN3,2017,2018,1262700.9046,11.0,1
TGMA3,2017,2018,1306226.1342,12.0,1
VLID3,2017,2018,1307311.02,13.0,1
MEAL3,2017,2018,1412834.104,14.0,1
AMAR3,2017,2018,1479623.5,15.0,1
MOVI3,2017,2018,1505115.6813,16.0,1
FESA4,2017,2018,1678480.7983,17.0,1
AALR3,2017,2018,1749235.5172,18.0,1
WIZC3,2017,2018,1874113.345,19.0,1
RAPT4,2017,2018,2231519.55,20.0,1
STBP3,2017,2018,2240301.84,21.0,1
ANIM3,2017,2018,2257111.2706,22.0,1
BEEF3,2017,2018,2349586.5883,23.0,1
OIBR4,2017,2018,2427724.81,24.0,1
MAGG3,2017,2018,2522040.2424,25.0,1
SLCE3,2017,2018,2561139.3557,26.0,1
TUPY3,2017,2018,2631248.5,27.0,1
ELPL4,2017,2018,2686076.1,28.0,1
ENAT3,2017,2018,2782885.4703,29.0,1
LEVE3,2017,2018,3062723.895,30.0,1
MYPK3,2017,2018,3211835.0,31.0,1
LIGT3,2017,2018,3403659.4614,32.0,1
POMO4,2017,2018,3409728.047,33.0,1
LINX3,2017,2018,3515432.6428,34.0,1
EZTC3,2017,2018,3572288.6019,35.0,1
ALSC3,2017,2018,3656124.2617,36.0,1
HGTX3,2017,2018,4146443.28,37.0,1
RLOG3,2017,2018,4293907.8845,38.0,1
BRPR3,2017,2018,4305709.4,39.0,1
SEER3,2017,2018,4332999.85,40.0,1
PARD3,2017,2018,4370022.6,41.0,2
MBRF3,2017,2018,4545640.0876,42.0,2
TOTS3,2017,2018,4884198.1664,43.0,2
AZZA3,2017,2018,4908832.7,44.0,2
CYRE3,2017,2018,5059399.76,45.0,2
AESB3,2017,2018,5075342.46,46.0,2
GOAU4,2017,2018,5419212.5499,47.0,2
CSMG3,2017,2018,5484235.66,48.0,2
MPLU3,2017,2018,5674651.465,49.0,2
SAPR4,2017,2018,5836532.2247,50.0,2
CPLE6,2017,2018,6047456.2493,51.0,2
ALUP11,2017,2018,6273239.4902,52.0,2
DXCO3,2017,2018,6341615.2,53.0,2
MRVE3,2017,2018,6645393.92,54.0,2
ECOR3,2017,2018,6844531.8,55.0,2
CVCB3,2017,2018,6871905.442,56.0,2
SMTO3,2017,2018,6894379.0416,57.0,2
SULA11,2017,2018,6917224.0106,58.0,2
IGTA3,2017,2018,6952945.2693,59.0,2
TAEE11,2017,2018,7234529.5,60.0,2
CGAS5,2017,2018,7291691.2474,61.0,2
CZLT33,2017,2018,7920997.3252,62.0,2
ALPA4,2017,2018,7981232.61,63.0,2
SAUD3,2017,2018,8448730.8457,64.0,2
CMIG4,2017,2018,8450838.57,65.0,2
ENBR3,2017,2018,8476720.0,66.0,2
GRND3,2017,2018,8555256.4,67.0,2
QUAL3,2017,2018,8850872.775,68.0,2
AZUL54,2017,2018,8975547.7465,69.0,2
RIAA3,2017,2018,9011442.96,70.0,2
AMER3,2017,2018,9301335.4605,71.0,2
FLRY3,2017,2018,9336394.0051,72.0,2
SMLS3,2017,2018,9400742.7327,73.0,2
BRAP4,2017,2018,9508074.19,74.0,2
YDUQ3,2017,2018,10155623.88,75.0,2
ISAE4,2017,2018,10495564.819,76.0,2
VVAR11,2017,2018,10544103.1,77.0,2
BRML3,2017,2018,11087168.04,78.0,2
CSNA3,2017,2018,11372774.933,79.0,2
ENGI11,2017,2018,11540757.48,80.0,3
PSSA3,2017,2018,11745234.69,81.0,3
USIM5,2017,2018,12392219.911,82.0,3
EQTL3,2017,2018,13047508.608,83.0,3
MULT3,2017,2018,14126510.487,84.0,3
NATU3,2017,2018,14229288.48,85.0,3
RENT3,2017,2018,14568357.82,86.0,3
EMBJ3,2017,2018,14660820.0,87.0,3
MGLU3,2017,2018,15180143.228,88.0,3
CSAN3,2017,2018,16861371.731,89.0,3
MDIA3,2017,2018,17661900.0,90.0,3
KLBN11,2017,2018,18039363.483,91.0,3
CPFE3,2017,2018,19696650.335,92.0,3
GGBR4,2017,2018,20011024.068,93.0,3
RAIL3,2017,2018,20220436.197,94.0,3
SUZB5,2017,2018,20409180.96,95.0,3
PCAR4,2017,2018,21022689.78,96.0,3
HYPE3,2017,2018,22165171.046,97.0,3
EGIE3,2017,2018,23178875.238,98.0,3
LAME4,2017,2018,25080405.407,99.0,3
LREN3,2017,2018,25259475.15,100.0,3
FIBR3,2017,2018,26469836.408,101.0,3
JBSS3,2017,2018,26581915.37,102.0,3
AXIA3,2017,2018,27051811.421,103.0,3
BRFS3,2017,2018,29687707.347,104.0,3
COGN3,2017,2018,30182572.167,105.0,3
RADL3,2017,2018,30267547.463,106.0,3
TIMS3,2017,2018,31694541.358,107.0,3
MOTV3,2017,2018,32623000.0,108.0,3
BRKM5,2017,2018,34410050.659,109.0,3
WEGE3,2017,2018,38890468.056,110.0,3
UGPA3,2017,2018,40752280.5,111.0,3
B3SA3,2017,2018,46452051.815,112.0,3
BBSE3,2017,2018,56883033.858,113.0,3
CIEL3,2017,2018,63837354.04,114.0,3
VIVT4,2017,2018,77879695.6,115.0,3
ITSA4,2017,2018,80017631.4,116.0,3
VALE5,2017,2018,209248612.8,117.0,3
PETR4,2017,2018,216044789.44,118.0,3
ABEV3,2017,2018,334313502.88,119.0,3
NEXP3,2018,2019,223530.3,1.0,1
TCSA3,2018,2019,480228.4,2.0,1
SHOW3,2018,2019,496570.68,3.0,1
ROMI3,2018,2019,529889.96421,4.0,1
GFSA3,2018,2019,672366.5,5.0,1
HBOR3,2018,2019,682710.26,6.0,1
PTBL3,2018,2019,822557.91,7.0,1
GBIO33,2018,2019,878391.08219,8.0,1
PMAM3,2018,2019,969283.9478,9.0,1
JHSF3,2018,2019,1010430.6489,10.0,1
AMAR3,2018,2019,1060213.2,11.0,1
DIRR3,2018,2019,1102455.3,12.0,1
MEAL3,2018,2019,1120035.66,13.0,1
WIZC3,2018,2019,1120950.0468,14.0,1
PRIO3,2018,2019,1206248.3904,15.0,1
VLID3,2018,2019,1267290.0,16.0,1
EVEN3,2018,2019,1283253.198,17.0,1
ANIM3,2018,2019,1319748.318,18.0,1
TEND3,2018,2019,1552931.37,19.0,1
AALR3,2018,2019,1571399.7496,20.0,1
VULC3,2018,2019,1744867.6,21.0,1
TGMA3,2018,2019,1813288.73,22.0,1
FESA4,2018,2019,1854005.515,23.0,1
SEER3,2018,2019,2001620.258,24.0,1
SRNA3,2018,2019,2055610.0,25.0,1
MOVI3,2018,2019,2256360.6204,26.0,1
PARD3,2018,2019,2434160.3,27.0,1
ENAT3,2018,2019,2444770.465,28.0,1
DMMO3,2018,2019,2646390.9034,29.0,1
MAGG3,2018,2019,2762212.4712,30.0,1
STBP3,2018,2019,2804739.57,31.0,1
CAML3,2018,2019,2849823.6503,32.0,1
RAPT4,2018,2019,2883116.54,33.0,1
TUPY3,2018,2019,2904904.6,34.0,1
OIBR3,2018,2019,3029224.15,35.0,1
LEVE3,2018,2019,3223109.52,36.0,1
UNIP6,2018,2019,3244246.4975,37.0,1
BRPR3,2018,2019,3308101.4,38.0,1
LIGT3,2018,2019,3364911.99,39.0,1
MBRF3,2018,2019,3380511.7546,40.0,1
POMO4,2018,2019,3478439.2838,41.0,1
MYPK3,2018,2019,3556047.31,42.0,1
QUAL3,2018,2019,3616104.2063,43.0,1
ALSC3,2018,2019,3875005.315,44.0,1
SLCE3,2018,2019,3938195.7069,45.0,2
AESB3,2018,2019,3989621.2,46.0,2
MPLU3,2018,2019,4074823.6984,47.0,2
EZTC3,2018,2019,4128344.6107,48.0,2
TOTS3,2018,2019,4424635.7865,49.0,2
ZAMP3,2018,2019,4601833.9783,50.0,2
HGTX3,2018,2019,4719423.72,51.0,2
AZZA3,2018,2019,4969220.06,52.0,2
ENEV3,2018,2019,5068189.1,53.0,2
LINX3,2018,2019,5176269.3042,54.0,2
ECOR3,2018,2019,5219622.94,55.0,2
SMLS3,2018,2019,5409504.7993,56.0,2
MRVE3,2018,2019,5450895.96,57.0,2
LCAM3,2018,2019,5502170.3765,58.0,2
VVAR11,2018,2019,5679356.17,59.0,2
CYRE3,2018,2019,5944022.63,60.0,2
ALUP11,2018,2019,6017737.7075,61.0,2
RLOG3,2018,2019,6041381.2376,62.0,2
SAPR11,2018,2019,6242368.833,63.0,2
FLRY3,2018,2019,6252723.8828,64.0,2
SMTO3,2018,2019,6381100.4945,65.0,2
GOAU4,2018,2019,6942937.7823,66.0,2
YDUQ3,2018,2019,7130684.88,67.0,2
SAUD3,2018,2019,7289449.09,68.0,2
IGTA3,2018,2019,7333942.4288,69.0,2
GRND3,2018,2019,7382091.0,70.0,2
ALPA4,2018,2019,7721706.799,71.0,2
CSMG3,2018,2019,7777022.82,72.0,2
CGAS5,2018,2019,8080236.4299,73.0,2
DXCO3,2018,2019,8156418.27,74.0,2
CPLE6,2018,2019,8251398.3963,75.0,2
TAEE11,2018,2019,8368498.38,76.0,2
ENBR3,2018,2019,8494714.5452,77.0,2
CVCB3,2018,2019,8868451.7625,78.0,2
RIAA3,2018,2019,10070424.0,79.0,2
BRAP4,2018,2019,10520208.766,80.0,2
BRML3,2018,2019,11008364.34,81.0,2
ISAE4,2018,2019,11376686.257,82.0,2
SULA11,2018,2019,11381341.509,83.0,2
AZUL54,2018,2019,12184196.472,84.0,2
CSNA3,2018,2019,12200212.595,85.0,2
USIM5,2018,2019,12894230.616,86.0,2
CSAN3,2018,2019,13133588.103,87.0,2
ENGI11,2018,2019,13872268.452,88.0,2
MULT3,2018,2019,14379793.3,89.0,3
COGN3,2018,2019,14454600.687,90.0,3
MDIA3,2018,2019,14509200.0,91.0,3
EQTL3,2018,2019,14820270.099,92.0,3
GNDI3,2018,2019,15368073.094,93.0,3
EMBJ3,2018,2019,15951862.16,94.0,3
PSSA3,2018,2019,16859729.95,95.0,3
BRFS3,2018,2019,17794353.362,96.0,3
KLBN11,2018,2019,17945110.312,97.0,3
RADL3,2018,2019,18821748.31,98.0,3
HYPE3,2018,2019,19087807.984,99.0,3
AMER3,2018,2019,19214939.384,100.0,3
NATU3,2018,2019,19382715.0,101.0,3
RENT3,2018,2019,19694053.75,102.0,3
CMIG4,2018,2019,20781035.64,103.0,3
HAPV3,2018,2019,20965107.478,104.0,3
PCAR4,2018,2019,21590239.76,105.0,3
MOTV3,2018,2019,22624000.0,106.0,3
GGBR4,2018,2019,23661566.776,107.0,3
CIEL3,2018,2019,24129536.935,108.0,3
IRBR3,2018,2019,25907269.367,109.0,3
RAIL3,2018,2019,26503270.266,110.0,3
EGIE3,2018,2019,26941933.975,111.0,3
TIMS3,2018,2019,28679940.72,112.0,3
UGPA3,2018,2019,28888395.18,113.0,3
LAME4,2018,2019,28966022.174,114.0,3
CPFE3,2018,2019,29366840.422,115.0,3
VBBR3,2018,2019,29940500.0,116.0,3
LREN3,2018,2019,30440613.6,117.0,3
JBSS3,2018,2019,30865422.265,118.0,3
AXIA3,2018,2019,33820949.214,119.0,3
MGLU3,2018,2019,34103746.062,120.0,3
CRFB3,2018,2019,35880392.823,121.0,3
WEGE3,2018,2019,36784269.119,122.0,3
BRKM5,2018,2019,36869400.977,123.0,3
FIBR3,2018,2019,37432410.356,124.0,3
SUZB3,2018,2019,41651294.72,125.0,3
B3SA3,2018,2019,54805425.786,126.0,3
BBSE3,2018,2019,55086113.52,127.0,3
VIVT4,2018,2019,75255714.86,128.0,3
ITSA4,2018,2019,105126836.64,129.0,3
ABEV3,2018,2019,241790810.22,130.0,3
VALE3,2018,2019,261439209.61,131.0,3
PETR4,2018,2019,316085347.0,132.0,3
PTBL3,2019,2020,851085.93,1.0,1
GFSA3,2019,2020,1014554.73,2.0,1
GBIO33,2019,2020,1054952.7758,3.0,1
ROMI3,2019,2020,1103151.7048,4.0,1
VLID3,2019,2020,1193778.9,5.0,1
PMAM3,2019,2020,1262576.0487,6.0,1
TCSA3,2019,2020,1347231.36,7.0,1
LPSB3,2019,2020,1406199.15,8.0,1
MEAL3,2019,2020,1588688.052,9.0,1
SQIA3,2019,2020,1728445.894,10.0,1
FESA4,2019,2020,2092405.226,11.0,1
AALR3,2019,2020,2148090.3946,12.0,1
DIRR3,2019,2020,2218875.15,13.0,1
WIZC3,2019,2020,2257890.8218,14.0,1
VULC3,2019,2020,2260955.2,15.0,1
ANIM3,2019,2020,2361929.9698,16.0,1
TGMA3,2019,2020,2482557.1158,17.0,1
MILS3,2019,2020,2608194.6,18.0,1
TRIS3,2019,2020,2855255.4,19.0,1
TEND3,2019,2020,2938543.65,20.0,1
HBOR3,2019,2020,3018779.4,21.0,1
EVEN3,2019,2020,3266198.682,22.0,1
LOGG3,2019,2020,3316081.14,23.0,1
IGTI3,2019,2020,3322204.2,24.0,1
CAML3,2019,2020,3333700.0,25.0,1
AMAR3,2019,2020,3461936.64,26.0,1
UNIP6,2019,2020,3519295.3036,27.0,1
PARD3,2019,2020,3543200.18,28.0,1
MYPK3,2019,2020,3562293.7,29.0,1
SEER3,2019,2020,3572023.29,30.0,1
TUPY3,2019,2020,3647703.4,31.0,1
LEVE3,2019,2020,3695284.8,32.0,1
ZAMP3,2019,2020,4033974.9038,33.0,1
ENAT3,2019,2020,4195639.92,34.0,1
POMO4,2019,2020,4204738.6474,35.0,1
RAPT4,2019,2020,4325074.4,36.0,1
PRIO3,2019,2020,4419458.8164,37.0,1
JHSF3,2019,2020,4549367.6645,38.0,1
SLCE3,2019,2020,4637720.2304,39.0,1
SMLS3,2019,2020,4842167.4878,40.0,1
OIBR3,2019,2020,5176720.73,41.0,1
STBP3,2019,2020,5461483.34,42.0,1
HGTX3,2019,2020,5529015.08,43.0,1
SIMH3,2019,2020,5534619.1174,44.0,1
MOVI3,2019,2020,5686112.2681,45.0,2
AZZA3,2019,2020,5820736.0,46.0,2
SRNA3,2019,2020,6016988.5,47.0,2
LINX3,2019,2020,6359278.039,48.0,2
CVCB3,2019,2020,6523041.7134,49.0,2
AESB3,2019,2020,6972462.49,50.0,2
MBRF3,2019,2020,6981935.9366,51.0,2
BRPR3,2019,2020,7065704.24,52.0,2
LIGT3,2019,2020,7221473.2656,53.0,2
SBFG3,2019,2020,7392746.5894,54.0,2
SMTO3,2019,2020,8246195.5215,55.0,2
CSMG3,2019,2020,8593528.06,56.0,2
SAUD3,2019,2020,8940853.4112,57.0,2
ECOR3,2019,2020,9070835.9,58.0,2
ALUP11,2019,2020,9189510.3345,59.0,2
IGTA3,2019,2020,9328579.3495,60.0,2
MRVE3,2019,2020,9564342.55,61.0,2
FLRY3,2019,2020,9670208.3638,62.0,2
GOAU4,2019,2020,9801520.7805,63.0,2
SAPR11,2019,2020,9844576.4934,64.0,2
QUAL3,2019,2020,10442764.237,65.0,2
TAEE11,2019,2020,10721761.42,66.0,2
RLOG3,2019,2020,10742804.033,67.0,2
GRND3,2019,2020,11073981.2,68.0,2
LCAM3,2019,2020,11408557.039,69.0,2
CYRE3,2019,2020,11413637.63,70.0,2
DXCO3,2019,2020,11532335.76,71.0,2
EZTC3,2019,2020,11781300.0,72.0,2
GUAR4,2019,2020,11842471.68,73.0,2
RIAA3,2019,2020,11842471.68,74.0,2
USIM5,2019,2020,11946382.134,75.0,2
TOTS3,2019,2020,12308755.996,76.0,2
MDIA3,2019,2020,12847850.0,77.0,2
BRAP4,2019,2020,12967223.91,78.0,2
ENBR3,2019,2020,13130212.619,79.0,2
ENEV3,2019,2020,13783452.27,80.0,2
YDUQ3,2019,2020,14281397.5,81.0,2
BHIA3,2019,2020,14510422.01,82.0,2
EMBJ3,2019,2020,14522858.4,83.0,2
BRML3,2019,2020,15226819.44,84.0,2
ISAE4,2019,2020,16151797.4,85.0,2
ALPA4,2019,2020,17519415.178,86.0,2
COGN3,2019,2020,18689585.895,87.0,2
CPLE6,2019,2020,18905727.684,88.0,2
CSNA3,2019,2020,19473416.258,89.0,3
MULT3,2019,2020,19653156.073,90.0,3
KLBN11,2019,2020,20098364.252,91.0,3
PSSA3,2019,2020,20260063.54,92.0,3
CMIG4,2019,2020,20986159.09,93.0,3
ENGI11,2019,2020,21041102.351,94.0,3
HYPE3,2019,2020,22522999.046,95.0,3
EQTL3,2019,2020,23022140.877,96.0,3
PCAR4,2019,2020,23592121.0,97.0,3
BRKM5,2019,2020,24520763.284,98.0,3
SULA11,2019,2020,24797324.482,99.0,3
CSAN3,2019,2020,27191727.459,100.0,3
UGPA3,2019,2020,27672041.699,101.0,3
BRFS3,2019,2020,28573944.96,102.0,3
NEOE3,2019,2020,30199269.36,103.0,3
GGBR4,2019,2020,32325937.899,104.0,3
AMER3,2019,2020,32890191.409,105.0,3
NATU3,2019,2020,33475033.53,106.0,3
VBBR3,2019,2020,35031550.0,107.0,3
RENT3,2019,2020,35826172.47,108.0,3
IRBR3,2019,2020,36272039.529,109.0,3
RADL3,2019,2020,36802859.028,110.0,3
TIMS3,2019,2020,37934279.988,111.0,3
MOTV3,2019,2020,38339600.0,112.0,3
LAME4,2019,2020,38550350.952,113.0,3
RAIL3,2019,2020,40690314.938,114.0,3
CPFE3,2019,2020,40962645.342,115.0,3
GNDI3,2019,2020,41160004.158,116.0,3
EGIE3,2019,2020,41449129.192,117.0,3
LREN3,2019,2020,44599520.13,118.0,3
CRFB3,2019,2020,46341708.237,119.0,3
HAPV3,2019,2020,47476770.255,120.0,3
AXIA3,2019,2020,51246978.273,121.0,3
SUZB3,2019,2020,53537112.294,122.0,3
JBSS3,2019,2020,68758050.808,123.0,3
WEGE3,2019,2020,72700765.202,124.0,3
BBSE3,2019,2020,75271863.996,125.0,3
MGLU3,2019,2020,77244741.921,126.0,3
B3SA3,2019,2020,87196861.423,127.0,3
VIVT4,2019,2020,91470453.171,128.0,3
ITSA4,2019,2020,118392789.83,129.0,3
VALE3,2019,2020,273337484.54,130.0,3
ABEV3,2019,2020,293678222.51,131.0,3
PETR4,2019,2020,407218846.6,132.0,3
SHOW3,2020,2021,267629.61,1.0,1
PRNR3,2020,2021,337199.9592,2.0,1
VSTE3,2020,2021,340812.45,3.0,1
SGPS3,2020,2021,389500.0,4.0,1
VLID3,2020,2021,650773.95,5.0,1
ETER3,2020,2021,653574.9,6.0,1
POSI3,2020,2021,716029.8,7.0,1
LPSB3,2020,2021,734823.9,8.0,1
TCSA3,2020,2021,735453.81,9.0,1
PFRM3,2020,2021,747927.1,10.0,1
MDNE3,2020,2021,984948.75,11.0,1
KEPL3,2020,2021,999856.0,12.0,1
PTBL3,2020,2021,1060068.94,13.0,1
ROMI3,2020,2021,1133009.0949,14.0,1
MEAL3,2020,2021,1201718.9453,15.0,1
SHUL4,2020,2021,1204907.724,16.0,1
WIZC3,2020,2021,1285654.5473,17.0,1
GFSA3,2020,2021,1306452.9,18.0,1
AALR3,2020,2021,1312839.7905,19.0,1
AGRO3,2020,2021,1472980.35,20.0,1
MILS3,2020,2021,1539129.75,21.0,1
HBOR3,2020,2021,1622847.62,22.0,1
SQIA3,2020,2021,1654760.584,23.0,1
LOGN3,2020,2021,1687095.3794,24.0,1
TGMA3,2020,2021,1778341.7108,25.0,1
AMAR3,2020,2021,1780801.38,26.0,1
MTRE3,2020,2021,1798171.94,27.0,1
DIRR3,2020,2021,1920377.8617,28.0,1
VULC3,2020,2021,1963590.44,29.0,1
FESA4,2020,2021,1984459.8321,30.0,1
SEER3,2020,2021,2010630.7672,31.0,1
SYNE3,2020,2021,2091222.8,32.0,1
TRIS3,2020,2021,2278720.5,33.0,1
IGTI3,2020,2021,2310601.81,34.0,1
MYPK3,2020,2021,2361735.0,35.0,1
EVEN3,2020,2021,2489674.8819,36.0,1
POMO4,2020,2021,2644735.3846,37.0,1
LEVE3,2020,2021,2690629.245,38.0,1
HGTX3,2020,2021,2724484.09,39.0,1
PARD3,2020,2021,2887905.6,40.0,1
SMLS3,2020,2021,2911527.4479,41.0,1
TEND3,2020,2021,2969246.88,42.0,1
ZAMP3,2020,2021,2988046.7352,43.0,1
TUPY3,2020,2021,3022888.41,44.0,1
ENAT3,2020,2021,3111127.203,45.0,1
PNVL3,2020,2021,3251525.5693,46.0,1
LOGG3,2020,2021,3494312.03,47.0,1
CEAB3,2020,2021,3973278.9265,48.0,1
CAML3,2020,2021,4075336.368,49.0,1
STBP3,2020,2021,4523295.0,50.0,1
UNIP6,2020,2021,4751034.2872,51.0,2
ANIM3,2020,2021,4767612.372,52.0,2
BRPR3,2020,2021,4779838.8,53.0,2
RAPT4,2020,2021,4785302.4,54.0,2
SLCE3,2020,2021,5149196.4465,55.0,2
COCE5,2020,2021,5276973.9462,56.0,2
BEEF3,2020,2021,5325848.4875,57.0,2
JHSF3,2020,2021,5348371.1062,58.0,2
MOVI3,2020,2021,6146983.0299,59.0,2
CSMG3,2020,2021,6218568.4,60.0,2
EMBJ3,2020,2021,6515131.05,61.0,2
IGTA3,2020,2021,6543369.8156,62.0,2
LINX3,2020,2021,6581468.1336,63.0,2
AESB3,2020,2021,6660846.86,64.0,2
TIET4,2020,2021,6660846.86,65.0,2
AZZA3,2020,2021,6792568.86,66.0,2
VIVA3,2020,2021,6958386.2747,67.0,2
SBFG3,2020,2021,7188965.8368,68.0,2
SIMH3,2020,2021,7288023.241,69.0,2
LIGT3,2020,2021,7385597.658,70.0,2
RIAA3,2020,2021,7443072.0,71.0,2
ECOR3,2020,2021,7460272.82,72.0,2
GRND3,2020,2021,7554595.14,73.0,2
SAUD3,2020,2021,7717338.2021,74.0,2
ALOS3,2020,2021,7727018.9453,75.0,2
ALUP11,2020,2021,7859907.6523,76.0,2
SRNA3,2020,2021,7907013.6072,77.0,2
SAPR11,2020,2021,8014769.5612,78.0,2
BRML3,2020,2021,8352907.2,79.0,2
FLRY3,2020,2021,8569828.1031,80.0,2
RLOG3,2020,2021,8574280.7009,81.0,2
COGN3,2020,2021,8653320.9371,82.0,2
MRVE3,2020,2021,9133009.35,83.0,2
CESP6,2020,2021,9405331.9736,84.0,2
SMTO3,2020,2021,9476821.8058,85.0,2
PRIO3,2020,2021,9606915.6179,86.0,2
EZTC3,2020,2021,9738300.0,87.0,2
QUAL3,2020,2021,9886962.3901,88.0,2
YDUQ3,2020,2021,9918170.52,89.0,2
MBRF3,2020,2021,10040293.269,90.0,2
LWSA3,2020,2021,10129256.043,91.0,2
IRBR3,2020,2021,10268243.831,92.0,2
CYRE3,2020,2021,11335177.92,93.0,2
MDIA3,2020,2021,11512358.474,94.0,2
TAEE11,2020,2021,11570738.57,95.0,2
GOAU4,2020,2021,11653433.239,96.0,2
ENBR3,2020,2021,11764651.5,97.0,2
OIBR3,2020,2021,13191865.9,98.0,2
DXCO3,2020,2021,13217337.54,99.0,2
MULT3,2020,2021,13963596.845,100.0,2
LCAM3,2020,2021,14853216.173,101.0,3
PSSA3,2020,2021,15676276.0,102.0,3
TOTS3,2020,2021,16306055.568,103.0,3
SULA11,2020,2021,17777835.821,104.0,3
BRFS3,2020,2021,17801865.851,105.0,3
ISAE4,2020,2021,18720768.792,106.0,3
USIM5,2020,2021,18736848.464,107.0,3
ENEV3,2020,2021,19613415.6,108.0,3
CPLE6,2020,2021,19791280.267,109.0,3
PCAR3,2020,2021,20121880.65,110.0,3
BRAP4,2020,2021,21382799.77,111.0,3
NEOE3,2020,2021,21387103.14,112.0,3
HYPE3,2020,2021,21694338.635,113.0,3
ENGI11,2020,2021,21857284.647,114.0,3
CMIG4,2020,2021,22605151.114,115.0,3
ALPA4,2020,2021,23136438.414,116.0,3
EQTL3,2020,2021,23371707.529,117.0,3
VBBR3,2020,2021,25781450.0,118.0,3
BHIA3,2020,2021,25808198.72,119.0,3
UGPA3,2020,2021,25882916.882,120.0,3
MOTV3,2020,2021,27209400.0,121.0,3
KLBN11,2020,2021,28948078.887,122.0,3
CSAN3,2020,2021,28963768.652,123.0,3
LREN3,2020,2021,34527698.94,124.0,3
TIMS3,2020,2021,35458962.067,125.0,3
RAIL3,2020,2021,35646655.493,126.0,3
EGIE3,2020,2021,35851864.896,127.0,3
CPFE3,2020,2021,37505882.022,128.0,3
CRFB3,2020,2021,38493009.58,129.0,3
GGBR4,2020,2021,39208449.142,130.0,3
RADL3,2020,2021,41302241.021,131.0,3
AMER3,2020,2021,42330870.412,132.0,3
CSNA3,2020,2021,43956648.322,133.0,3
LAME4,2020,2021,45222604.88,134.0,3
GNDI3,2020,2021,47722480.347,135.0,3
RENT3,2020,2021,51827715.45,136.0,3
HAPV3,2020,2021,56689789.835,137.0,3
AXIA3,2020,2021,57626440.547,138.0,3
BBSE3,2020,2021,59160285.598,139.0,3
JBSS3,2020,2021,61765024.954,140.0,3
NATU3,2020,2021,72179152.5,141.0,3
VIVT4,2020,2021,78500091.0,142.0,3
SUZB3,2020,2021,78983431.293,143.0,3
ITSA4,2020,2021,100421661.13,144.0,3
B3SA3,2020,2021,124944357.93,145.0,3
WEGE3,2020,2021,158882831.46,146.0,3
MGLU3,2020,2021,161261509.64,147.0,3
ABEV3,2020,2021,246251419.75,148.0,3
PETR4,2020,2021,373468194.15,149.0,3
VALE3,2020,2021,448610718.0,150.0,3
NEXP3,2021,2022,85735.1,1.0,1
LUPA3,2021,2022,154900.85996,2.0,1
TECN3,2021,2022,170579.32008,3.0,1
SHOW3,2021,2022,251450.49,4.0,1
TCSA3,2021,2022,265764.59,5.0,1
PRNR3,2021,2022,267901.04671,6.0,1
LPSB3,2021,2022,314380.94,7.0,1
TPIS3,2021,2022,366099.77,8.0,1
WEST3,2021,2022,385441.14,9.0,1
MDNE3,2021,2022,486001.15,10.0,1
APER3,2021,2022,510982.1937,11.0,1
TOKY3,2021,2022,519671.2,12.0,1
OPCT3,2021,2022,541845.912,13.0,1
ENJU3,2021,2022,563889.6,14.0,1
G2DI33,2021,2022,617992.72537,15.0,1
HBOR3,2021,2022,621007.92,16.0,1
NGRD3,2021,2022,622614.20457,17.0,1
PLPL3,2021,2022,656194.5,18.0,1
GFSA3,2021,2022,677669.49,19.0,1
VLID3,2021,2022,685532.0494,20.0,1
MEAL3,2021,2022,693626.5629,21.0,1
PFRM3,2021,2022,723404.9,22.0,1
MELK3,2021,2022,788519.3199,23.0,1
MTRE3,2021,2022,885335.2434,24.0,1
POWE3,2021,2022,951238.02216,25.0,1
DEXP3,2021,2022,966454.72824,26.0,1
TGMA3,2021,2022,1030607.3763,27.0,1
LAVV3,2021,2022,1064197.3139,28.0,1
TRIS3,2021,2022,1083572.35,29.0,1
MOSI3,2021,2022,1084919.15,30.0,1
SYNE3,2021,2022,1099036.8,31.0,1
KEPL3,2021,2022,1174473.98,32.0,1
WIZC3,2021,2022,1272861.9647,33.0,1
ETER3,2021,2022,1294636.32,34.0,1
AMAR3,2021,2022,1302134.5806,35.0,1
EVEN3,2021,2022,1345452.1805,36.0,1
BMOB3,2021,2022,1349452.5052,37.0,1
ROMI3,2021,2022,1350077.504,38.0,1
SEER3,2021,2022,1350289.1644,39.0,1
PTBL3,2021,2022,1359114.68,40.0,1
ELMD3,2021,2022,1391447.48,41.0,1
SQIA3,2021,2022,1417454.2938,42.0,1
SHUL4,2021,2022,1501272.8677,43.0,1
POSI3,2021,2022,1523580.2,44.0,1
MILS3,2021,2022,1555575.21,45.0,1
ALLD3,2021,2022,1584757.0,46.0,1
TEND3,2021,2022,1608471.18,47.0,1
ZAMP3,2021,2022,1639313.7134,48.0,1
RANI3,2021,2022,1735722.6,49.0,1
AALR3,2021,2022,1761918.2218,50.0,1
CEAB3,2021,2022,1894387.9932,51.0,1
DIRR3,2021,2022,1896286.3457,52.0,1
ORVR3,2021,2022,1923350.0,53.0,1
SEQL3,2021,2022,1971555.8813,54.0,1
PNVL3,2021,2022,1979995.6757,55.0,1
ESPA3,2021,2022,2032039.9091,56.0,1
CURY3,2021,2022,2042995.416,57.0,1
TFCO4,2021,2022,2069945.293,58.0,1
LJQQ3,2021,2022,2095775.1,59.0,1
JSLG3,2021,2022,2144000.6578,60.0,1
VULC3,2021,2022,2246209.84,61.0,1
MYPK3,2021,2022,2338879.5,62.0,1
PARD3,2021,2022,2448012.0,63.0,1
LOGN3,2021,2022,2469088.168,64.0,1
LOGG3,2021,2022,2557097.19,65.0,1
CASH3,2021,2022,2596273.3591,66.0,2
HBSA3,2021,2022,2623321.35,67.0,2
POMO4,2021,2022,2678602.8013,68.0,2
AGRO3,2021,2022,2855735.4056,69.0,2
TUPY3,2021,2022,2876351.1,70.0,2
TASA4,2021,2022,2880985.4323,71.0,2
CSED3,2021,2022,2940031.248,72.0,2
FRAS3,2021,2022,2988904.38,73.0,2
CVCB3,2021,2022,3018511.5767,74.0,2
JALL3,2021,2022,3076637.63,75.0,2
IGTI3,2021,2022,3144270.1232,76.0,2
BOAS3,2021,2022,3188642.238,77.0,2
AURA33,2021,2022,3251007.81,78.0,2
ANIM3,2021,2022,3305078.658,79.0,2
BRPR3,2021,2022,3392234.74,80.0,2
ENAT3,2021,2022,3502077.2742,81.0,2
RAPT4,2021,2022,3774409.69,82.0,2
JHSF3,2021,2022,3801671.6607,83.0,2
LEVE3,2021,2022,3881978.9025,84.0,2
PORT3,2021,2022,4056842.5728,85.0,2
CAML3,2021,2022,4119713.63,86.0,2
LIGT3,2021,2022,4377525.057,87.0,2
FESA4,2021,2022,4394912.894,88.0,2
EZTC3,2021,2022,4539165.9064,89.0,2
OIBR3,2021,2022,4604870.92,90.0,2
COGN3,2021,2022,4609414.1957,91.0,2
RECV3,2021,2022,4644595.8757,92.0,2
QUAL3,2021,2022,4694045.0505,93.0,2
AMBP3,2021,2022,4763623.1018,94.0,2
CSMG3,2021,2022,4819390.51,95.0,2
IFCM3,2021,2022,4869489.45,96.0,2
RIAA3,2021,2022,4917094.784,97.0,2
AERI3,2021,2022,4999048.1368,98.0,2
IRBR3,2021,2022,5046251.8586,99.0,2
ECOR3,2021,2022,5091945.72,100.0,2
AESB3,2021,2022,5447618.8997,101.0,2
TIET4,2021,2022,5447618.8997,102.0,2
SBFG3,2021,2022,5469885.4752,103.0,2
STBP3,2021,2022,5545309.16,104.0,2
SAPR11,2021,2022,5638324.2584,105.0,2
MOVI3,2021,2022,5701561.4304,106.0,2
FLRY3,2021,2022,5702268.0464,107.0,2
ALOS3,2021,2022,5742241.6409,108.0,2
MRVE3,2021,2022,5794488.0,109.0,2
PCAR3,2021,2022,5850063.68,110.0,2
VIVA3,2021,2022,6008871.2434,111.0,2
CYRE3,2021,2022,6067473.12,112.0,2
BEEF3,2021,2022,6186664.8568,113.0,2
YDUQ3,2021,2022,6211443.28,114.0,2
SAUD3,2021,2022,6511517.3844,115.0,2
BLAU3,2021,2022,6529939.3796,116.0,2
BRAV3,2021,2022,6796997.7669,117.0,2
BRML3,2021,2022,6882956.94,118.0,2
SRNA3,2021,2022,7022195.7811,119.0,2
CESP6,2021,2022,7095638.48,120.0,2
ALUP11,2021,2022,7097902.4013,121.0,2
AZZA3,2021,2022,7648671.87,122.0,2
LWSA3,2021,2022,7722723.596,123.0,2
GRND3,2021,2022,7801902.1,124.0,2
BHIA3,2021,2022,8379693.0,125.0,2
SLCE3,2021,2022,8506452.654,126.0,2
MDIA3,2021,2022,8606785.6503,127.0,2
INTB3,2021,2022,9163282.7467,128.0,2
BRAP4,2021,2022,9380546.13,129.0,2
SIMH3,2021,2022,9633161.9585,130.0,2
UNIP6,2021,2022,9743957.8501,131.0,3
SOMA3,2021,2022,9989834.0583,132.0,3
GGPS3,2021,2022,10593078.837,133.0,3
MULT3,2021,2022,11069150.489,134.0,3
LAME4,2021,2022,11104097.519,135.0,3
SULA11,2021,2022,11113060.555,136.0,3
DXCO3,2021,2022,11286931.04,137.0,3
VAMO3,2021,2022,11608475.88,138.0,3
LCAM3,2021,2022,11913384.965,139.0,3
SMTO3,2021,2022,11929157.273,140.0,3
GOAU4,2021,2022,12027775.944,141.0,3
ENBR3,2021,2022,12076726.2,142.0,3
TAEE11,2021,2022,12552550.62,143.0,3
GMAT3,2021,2022,13322356.856,144.0,3
PSSA3,2021,2022,13340935.04,145.0,3
MBRF3,2021,2022,14653934.164,146.0,3
UGPA3,2021,2022,15868247.756,147.0,3
CPLE6,2021,2022,17095387.401,148.0,3
PRIO3,2021,2022,17347365.298,149.0,3
TOTS3,2021,2022,17415362.655,150.0,3
ASAI3,2021,2022,17452895.04,151.0,3
ENGI11,2021,2022,17616306.508,152.0,3
ISAE4,2021,2022,17639881.455,153.0,3
HYPE3,2021,2022,17830499.095,154.0,3
ENEV3,2021,2022,17832084.7,155.0,3
BRFS3,2021,2022,18183091.464,156.0,3
USIM5,2021,2022,18204546.614,157.0,3
EMBJ3,2021,2022,18233591.06,158.0,3
ALPA4,2021,2022,19529512.521,159.0,3
NEOE3,2021,2022,19663502.458,160.0,3
EQTL3,2021,2022,22195547.056,161.0,3
MOTV3,2021,2022,23411800.0,162.0,3
LREN3,2021,2022,24088552.8,163.0,3
VBBR3,2021,2022,24130854.0,164.0,3
CXSE3,2021,2022,25080000.0,165.0,3
CMIG4,2021,2022,25253701.38,166.0,3
AMER3,2021,2022,28393539.567,167.0,3
KLBN11,2021,2022,28756604.394,168.0,3
CRFB3,2021,2022,30276428.138,169.0,3
CPFE3,2021,2022,30914986.625,170.0,3
EGIE3,2021,2022,31339784.493,171.0,3
TIMS3,2021,2022,31828340.754,172.0,3
RAIL3,2021,2022,32914947.536,173.0,3
CSNA3,2021,2022,33529933.835,174.0,3
NATU3,2021,2022,34958239.55,175.0,3
CMIN3,2021,2022,36974553.768,176.0,3
GNDI3,2021,2022,37111268.59,177.0,3
RENT3,2021,2022,39866176.0,178.0,3
RADL3,2021,2022,40025978.888,179.0,3
HAPV3,2021,2022,40153875.433,180.0,3
CSAN3,2021,2022,40530588.17,181.0,3
BBSE3,2021,2022,41431245.477,182.0,3
GGBR4,2021,2022,43759114.585,183.0,3
BRKM5,2021,2022,45481533.029,184.0,3
MGLU3,2021,2022,48125042.444,185.0,3
AXIA3,2021,2022,52310576.016,186.0,3
B3SA3,2021,2022,67351603.638,187.0,3
ITSA4,2021,2022,79911699.18,188.0,3
VIVT3,2021,2022,80811642.22,189.0,3
SUZB3,2021,2022,81101709.174,190.0,3
JBSS3,2021,2022,87049860.662,191.0,3
RDOR3,2021,2022,88380248.525,192.0,3
WEGE3,2021,2022,138384464.22,193.0,3
ABEV3,2021,2022,242690275.98,194.0,3
VALE3,2021,2022,377296542.26,195.0,3
PETR4,2021,2022,387852546.49,196.0,3
LUPA3,2022,2023,119591.74196,1.0,1
TECN3,2022,2023,155892.00156,2.0,1
ENJU3,2022,2023,194235.71,3.0,1
HBOR3,2022,2023,270695.76,4.0,1
TOKY3,2022,2023,319470.0,5.0,1
NGRD3,2022,2023,340500.29661,6.0,1
WDCN3,2022,2023,375357.92,7.0,1
GFSA3,2022,2023,375399.35604,8.0,1
MTRE3,2022,2023,383962.5966,9.0,1
SEQL3,2022,2023,426474.56544,10.0,1
TEND3,2022,2023,426895.2,11.0,1
AMAR3,2022,2023,428315.0,12.0,1
ESPA3,2022,2023,480692.67778,13.0,1
MDNE3,2022,2023,483648.07575,14.0,1
OPCT3,2022,2023,565420.50994,15.0,1
SEER3,2022,2023,573656.3772,16.0,1
TRAD3,2022,2023,621506.76,17.0,1
TRIS3,2022,2023,626468.72,18.0,1
SYNE3,2022,2023,633472.6,19.0,1
DEXP3,2022,2023,641613.47698,20.0,1
ETER3,2022,2023,660289.23,21.0,1
MELK3,2022,2023,665186.81089,22.0,1
DESK3,2022,2023,698136.0,23.0,1
CEAB3,2022,2023,701370.13472,24.0,1
VLID3,2022,2023,733587.17338,25.0,1
LJQQ3,2022,2023,786618.0,26.0,1
PLPL3,2022,2023,789058.88,27.0,1
MEAL3,2022,2023,799240.484,28.0,1
AERI3,2022,2023,845004.29556,29.0,1
FHER3,2022,2023,930115.29468,30.0,1
LAVV3,2022,2023,932221.85904,31.0,1
EVEN3,2022,2023,946460.77392,32.0,1
CASH3,2022,2023,1020619.688,33.0,1
CLSA3,2022,2023,1058023.7178,34.0,1
OIBR3,2022,2023,1065730.85,35.0,1
WIZC3,2022,2023,1120950.0468,36.0,1
PTBL3,2022,2023,1160323.01,37.0,1
BRIT3,2022,2023,1216883.6207,38.0,1
SOJA3,2022,2023,1218259.3904,39.0,1
ROMI3,2022,2023,1230176.5385,40.0,1
BMOB3,2022,2023,1241483.9695,41.0,1
CVCB3,2022,2023,1244803.0337,42.0,1
SQIA3,2022,2023,1271231.5684,43.0,1
TGMA3,2022,2023,1277874.0214,44.0,1
POSI3,2022,2023,1314393.42,45.0,1
IFCM3,2022,2023,1356115.3131,46.0,1
FIQE3,2022,2023,1376893.4751,47.0,1
ELMD3,2022,2023,1419450.709,48.0,1
CSED3,2022,2023,1444683.0336,49.0,1
ZAMP3,2022,2023,1452391.8858,50.0,1
ANIM3,2022,2023,1457580.583,51.0,1
PNVL3,2022,2023,1506135.3583,52.0,1
JSLG3,2022,2023,1567743.8031,53.0,1
LOGG3,2022,2023,1610500.84,54.0,1
QUAL3,2022,2023,1634526.3242,55.0,1
TFCO4,2022,2023,1677039.0105,56.0,1
SHUL4,2022,2023,1682145.1502,57.0,1
TASA4,2022,2023,1685925.1625,58.0,1
HBSA3,2022,2023,1718465.58,59.0,1
LIGT3,2022,2023,1724931.1501,60.0,1
MYPK3,2022,2023,1793394.9,61.0,1
KEPL3,2022,2023,1798172.64,62.0,1
VITT3,2022,2023,1850161.43,63.0,1
RANI3,2022,2023,1971211.55,64.0,1
IRBR3,2022,2023,2111546.4175,65.0,1
AURA33,2022,2023,2158409.25,66.0,1
JALL3,2022,2023,2239069.2472,67.0,1
DIRR3,2022,2023,2330128.4029,68.0,2
AMBP3,2022,2023,2360353.7892,69.0,2
ORVR3,2022,2023,2421705.0,70.0,2
POMO4,2022,2023,2514419.6715,71.0,2
AALR3,2022,2023,2544702.372,72.0,2
FRAS3,2022,2023,2566023.76,73.0,2
RAPT4,2022,2023,2669660.22,74.0,2
PARD3,2022,2023,2669982.0,75.0,2
MILS3,2022,2023,2752424.01,76.0,2
MATD3,2022,2023,2754533.0654,77.0,2
MOVI3,2022,2023,2762998.2912,78.0,2
ONCO3,2022,2023,2883612.1793,79.0,2
AUAU3,2022,2023,2889884.3662,80.0,2
CAML3,2022,2023,2898111.78,81.0,2
EZTC3,2022,2023,2929428.1913,82.0,2
YDUQ3,2022,2023,2951252.64,83.0,2
AGRO3,2022,2023,2960222.6368,84.0,2
BRPR3,2022,2023,2969230.18,85.0,2
VULC3,2022,2023,3060894.72,86.0,2
ECOR3,2022,2023,3095513.45,87.0,2
SBFG3,2022,2023,3113158.6436,88.0,2
RIAA3,2022,2023,3254767.3088,89.0,2
MLAS3,2022,2023,3274606.0802,90.0,2
IGTI11,2022,2023,3297334.5936,91.0,2
JHSF3,2022,2023,3395591.6134,92.0,2
ENAT3,2022,2023,3556305.864,93.0,2
CURY3,2022,2023,3669935.0861,94.0,2
MRVE3,2022,2023,3672563.2,95.0,2
LOGN3,2022,2023,3694552.9569,96.0,2
BHIA3,2022,2023,3792806.4,97.0,2
LEVE3,2022,2023,3840910.4944,98.0,2
BOAS3,2022,2023,3851850.5936,99.0,2
TUPY3,2022,2023,3910004.5565,100.0,2
COGN3,2022,2023,3974347.8223,101.0,2
ARML3,2022,2023,4057618.5817,102.0,2
LWSA3,2022,2023,4138023.0715,103.0,2
PCAR3,2022,2023,4460053.08,104.0,2
GETT11,2022,2023,4480133.2848,105.0,2
ALOS3,2022,2023,4520050.205,106.0,2
VVEO3,2022,2023,4570431.6288,107.0,2
TTEN3,2022,2023,4632207.76,108.0,2
BLAU3,2022,2023,4680505.0505,109.0,2
FESA4,2022,2023,4742102.549,110.0,2
PORT3,2022,2023,4756060.566,111.0,2
CYRE3,2022,2023,4910804.17,112.0,2
SAUD3,2022,2023,4989035.8369,113.0,2
SAPR11,2022,2023,5146810.8827,114.0,2
VIVA3,2022,2023,5284287.2215,115.0,2
GRND3,2022,2023,5437202.76,116.0,2
DXCO3,2022,2023,5477704.38,117.0,2
SIMH3,2022,2023,5585045.8264,118.0,2
FLRY3,2022,2023,5660941.3829,119.0,2
MBRF3,2022,2023,5739301.3296,120.0,2
AESB3,2022,2023,5814617.8243,121.0,2
CSMG3,2022,2023,5949349.89,122.0,2
SRNA3,2022,2023,5978213.3376,123.0,2
STBP3,2022,2023,6744747.24,124.0,2
BRML3,2022,2023,6802090.7,125.0,2
CBAV3,2022,2023,6881874.9961,126.0,2
DASA3,2022,2023,7367993.1129,127.0,2
BEEF3,2022,2023,7580695.4827,128.0,2
BRAV3,2022,2023,7666558.108,129.0,2
SOMA3,2022,2023,7957338.3622,130.0,2
SMFT3,2022,2023,7967032.7075,131.0,2
GGPS3,2022,2023,7976232.2249,132.0,2
ALUP11,2022,2023,8162699.7907,133.0,2
AZZA3,2022,2023,8622060.5253,134.0,3
AMER3,2022,2023,8709338.1395,135.0,3
UNIP6,2022,2023,8907029.8178,136.0,3
BRFS3,2022,2023,8926807.5097,137.0,3
USIM5,2022,2023,8989636.7318,138.0,3
SULA11,2022,2023,9058082.766,139.0,3
ALPA4,2022,2023,9089554.7441,140.0,3
SMTO3,2022,2023,9185866.7503,141.0,3
SLCE3,2022,2023,9580202.7247,142.0,3
RECV3,2022,2023,9699620.5102,143.0,3
INTB3,2022,2023,9975758.2995,144.0,3
EMBJ3,2022,2023,10512598.23,145.0,3
BRAP4,2022,2023,11110184.34,146.0,3
ENBR3,2022,2023,11766703.41,147.0,3
TAEE11,2022,2023,12028425.77,148.0,3
MDIA3,2022,2023,12045359.998,149.0,3
MULT3,2022,2023,12817675.362,150.0,3
VAMO3,2022,2023,12860353.701,151.0,3
GOAU4,2022,2023,13065594.197,152.0,3
UGPA3,2022,2023,13810453.387,153.0,3
GMAT3,2022,2023,13963067.219,154.0,3
CIEL3,2022,2023,14118470.608,155.0,3
AURE3,2022,2023,14730000.0,156.0,3
PSSA3,2022,2023,14770232.45,157.0,3
NATU3,2022,2023,15943920.12,158.0,3
TOTS3,2022,2023,16603536.974,159.0,3
ISAE4,2022,2023,16689045.497,160.0,3
VBBR3,2022,2023,17336757.2,161.0,3
MGLU3,2022,2023,18295589.568,162.0,3
NEOE3,2022,2023,18753155.122,163.0,3
ENEV3,2022,2023,18870575.75,164.0,3
CSNA3,2022,2023,19294666.929,165.0,3
BRKM5,2022,2023,19608736.593,166.0,3
LREN3,2022,2023,19873484.8,167.0,3
ENGI11,2022,2023,20444043.497,168.0,3
CPLE6,2022,2023,20597462.964,169.0,3
MOTV3,2022,2023,21856378.36,170.0,3
KLBN11,2022,2023,22138746.144,171.0,3
CMIN3,2022,2023,22380182.459,172.0,3
CXSE3,2022,2023,25050000.0,173.0,3
CMIG4,2022,2023,28200446.98,174.0,3
HYPE3,2022,2023,28561765.734,175.0,3
EQTL3,2022,2023,29723742.385,176.0,3
TIMS3,2022,2023,30014879.52,177.0,3
EGIE3,2022,2023,30907342.791,178.0,3
CRFB3,2022,2023,31092172.691,179.0,3
PRIO3,2022,2023,31386412.484,180.0,3
CSAN3,2022,2023,31956844.272,181.0,3
RAIL3,2022,2023,34472760.796,182.0,3
HAPV3,2022,2023,36057925.664,183.0,3
CPFE3,2022,2023,38254847.408,184.0,3
RAIZ4,2022,2023,38590161.313,185.0,3
RADL3,2022,2023,39084634.459,186.0,3
GGBR4,2022,2023,46079187.653,187.0,3
JBSS3,2022,2023,48776378.976,188.0,3
RENT3,2022,2023,52059498.4,189.0,3
VIVT3,2022,2023,62082400.634,190.0,3
SUZB3,2022,2023,63163141.204,191.0,3
RDOR3,2022,2023,66642510.478,192.0,3
BBSE3,2022,2023,67309648.057,193.0,3
B3SA3,2022,2023,76043469.057,194.0,3
ITSA4,2022,2023,83859228.29,195.0,3
AXIA3,2022,2023,97238415.839,196.0,3
WEGE3,2022,2023,161588553.29,197.0,3
ABEV3,2022,2023,228569992.2,198.0,3
PETR4,2022,2023,345928429.99,199.0,3
VALE3,2022,2023,398455973.71,200.0,3
LUPA3,2023,2024,92745.37376,1.0,1
VIVR3,2023,2024,122883.63,2.0,1
SEQL3,2023,2024,133698.2899,3.0,1
RCSL3,2023,2024,176849.92,4.0,1
TOKY3,2023,2024,216174.7,5.0,1
AMAR3,2023,2024,254924.16,6.0,1
PRNR3,2023,2024,434166.6069,7.0,1
ESPA3,2023,2024,440936.14052,8.0,1
HBOR3,2023,2024,468409.82,9.0,1
ETER3,2023,2024,525254.22,10.0,1
MEAL3,2023,2024,565177.1994,11.0,1
MTRE3,2023,2024,651572.8912,12.0,1
GFSA3,2023,2024,658898.28,13.0,1
CASH3,2023,2024,688312.70925,14.0,1
CLSA3,2023,2024,704722.725,15.0,1
SYNE3,2023,2024,731164.76,16.0,1
QUAL3,2023,2024,949444.2608,17.0,1
POSI3,2023,2024,975276.96,18.0,1
SEER3,2023,2024,1008711.2136,19.0,1
PTBL3,2023,2024,1051763.02,20.0,1
TRIS3,2023,2024,1056255.4,21.0,1
BHIA3,2023,2024,1079540.94,22.0,1
PCAR3,2023,2024,1096114.74,23.0,1
AERI3,2023,2024,1102013.8605,24.0,1
MDNE3,2023,2024,1116464.3341,25.0,1
LJQQ3,2023,2024,1129257.3703,26.0,1
WIZC3,2023,2024,1159327.7945,27.0,1
IFCM3,2023,2024,1179070.6991,28.0,1
ROMI3,2023,2024,1189923.5435,29.0,1
BMOB3,2023,2024,1207050.488,30.0,1
AALR3,2023,2024,1228036.732,31.0,1
OPCT3,2023,2024,1257208.579,32.0,1
VITT3,2023,2024,1516126.9747,33.0,1
ZAMP3,2023,2024,1520605.9803,34.0,1
DESK3,2023,2024,1627546.6714,35.0,1
EVEN3,2023,2024,1628954.7968,36.0,1
VLID3,2023,2024,1642630.2115,37.0,1
BRIT3,2023,2024,1653713.6384,38.0,1
ANIM3,2023,2024,1683144.6419,39.0,1
MLAS3,2023,2024,1698432.9406,40.0,1
LAVV3,2023,2024,1721776.6411,41.0,1
AUAU3,2023,2024,1781147.7737,42.0,1
TEND3,2023,2024,1825484.02,43.0,1
CVCB3,2023,2024,1839539.6985,44.0,1
TGMA3,2023,2024,1865379.5699,45.0,1
SOJA3,2023,2024,1901187.491,46.0,1
TASA4,2023,2024,1906994.8414,47.0,1
KEPL3,2023,2024,1931986.8,48.0,1
CSED3,2023,2024,1932075.5256,49.0,1
MYPK3,2023,2024,1936980.3,50.0,1
PNVL3,2023,2024,1988664.3766,51.0,1
PGMN3,2023,2024,2134351.5098,52.0,1
ELMD3,2023,2024,2178902.7243,53.0,1
LOGG3,2023,2024,2290032.0,54.0,1
PLPL3,2023,2024,2315630.08,55.0,1
JALL3,2023,2024,2364133.6858,56.0,1
CEAB3,2023,2024,2392805.4674,57.0,1
TFCO4,2023,2024,2400561.555,58.0,1
SHUL4,2023,2024,2517898.6452,59.0,1
AURA33,2023,2024,2528979.74,60.0,1
RANI3,2023,2024,2618943.6,61.0,1
AGRO3,2023,2024,2660728.8565,62.0,2
AMBP3,2023,2024,2714430.3713,63.0,2
SBFG3,2023,2024,2858471.7354,64.0,2
CAML3,2023,2024,2893816.575,65.0,2
BLAU3,2023,2024,2915740.927,66.0,2
LIGT3,2023,2024,2980442.592,67.0,2
HBSA3,2023,2024,2995909.02,68.0,2
CBAV3,2023,2024,3038749.9983,69.0,2
MATD3,2023,2024,3190062.5654,70.0,2
ORVR3,2023,2024,3206885.66,71.0,2
RIAA3,2023,2024,3264751.2576,72.0,2
MILS3,2023,2024,3279570.0,73.0,2
JSLG3,2023,2024,3542461.4472,74.0,2
LWSA3,2023,2024,3543109.4729,75.0,2
IRBR3,2023,2024,3625639.8941,76.0,2
JHSF3,2023,2024,3776017.2686,77.0,2
DIRR3,2023,2024,3866607.5993,78.0,2
IGTI11,2023,2024,3925811.7651,79.0,2
LOGN3,2023,2024,4073783.3705,80.0,2
EZTC3,2023,2024,4078950.6461,81.0,2
RAPT4,2023,2024,4108950.4,82.0,2
TUPY3,2023,2024,4187345.52,83.0,2
MOVI3,2023,2024,4254007.4103,84.0,2
BEEF3,2023,2024,4383400.5791,85.0,2
FESA4,2023,2024,4419489.583,86.0,2
VVEO3,2023,2024,4464655.7616,87.0,2
FRAS3,2023,2024,4539272.0,88.0,2
LEVE3,2023,2024,4789948.26,89.0,2
VULC3,2023,2024,4937321.0,90.0,2
CURY3,2023,2024,5215018.3411,91.0,2
ENAT3,2023,2024,5293217.3305,92.0,2
SOMA3,2023,2024,5846367.9289,93.0,2
TTEN3,2023,2024,5997882.52,94.0,2
POMO4,2023,2024,6142307.5094,95.0,2
BRAV3,2023,2024,6306803.8816,96.0,2
MRVE3,2023,2024,6310923.1,97.0,2
SRNA3,2023,2024,6357709.2727,98.0,2
RECV3,2023,2024,6366395.4636,99.0,2
GRND3,2023,2024,6378228.78,100.0,2
SAUD3,2023,2024,6419999.6041,101.0,2
DXCO3,2023,2024,6521705.94,102.0,2
YDUQ3,2023,2024,6532156.68,103.0,2
COGN3,2023,2024,6533126.8693,104.0,2
ECOR3,2023,2024,6552749.82,105.0,2
ONCO3,2023,2024,6607703.778,106.0,2
ALPA4,2023,2024,6937630.3718,107.0,2
AZZA3,2023,2024,7162133.4632,108.0,2
DASA3,2023,2024,7186602.5969,109.0,2
INTB3,2023,2024,7207444.42,110.0,2
AESB3,2023,2024,7415744.4715,111.0,2
PORT3,2023,2024,7682206.194,112.0,2
UNIP6,2023,2024,7711455.5039,113.0,2
CSMG3,2023,2024,7765626.88,114.0,2
SIMH3,2023,2024,7964410.0784,115.0,2
VIVA3,2023,2024,8055627.8795,116.0,2
STBP3,2023,2024,8090770.12,117.0,2
SLCE3,2023,2024,8283540.7566,118.0,2
SAPR11,2023,2024,8576432.262,119.0,2
MBRF3,2023,2024,9012585.8029,120.0,2
CYRE3,2023,2024,9028097.68,121.0,2
ALUP11,2023,2024,9604066.1613,122.0,2
BRAP4,2023,2024,9768112.12,123.0,3
FLRY3,2023,2024,9832538.5035,124.0,3
SMTO3,2023,2024,10152253.184,125.0,3
VAMO3,2023,2024,11041080.682,126.0,3
GOAU4,2023,2024,11295509.495,127.0,3
USIM5,2023,2024,11372588.194,128.0,3
CIEL3,2023,2024,12472729.338,129.0,3
GGPS3,2023,2024,12670409.533,130.0,3
MDIA3,2023,2024,12992230.462,131.0,3
TAEE11,2023,2024,13242045.09,132.0,3
AURE3,2023,2024,13310000.0,133.0,3
MGLU3,2023,2024,14454528.222,134.0,3
ALOS3,2023,2024,14683505.696,135.0,3
SMFT3,2023,2024,15259886.782,136.0,3
GMAT3,2023,2024,15861873.929,137.0,3
EMBJ3,2023,2024,16448432.87,138.0,3
MULT3,2023,2024,16541780.429,139.0,3
LREN3,2023,2024,16646569.42,140.0,3
BRKM5,2023,2024,17347001.934,141.0,3
PSSA3,2023,2024,18424955.34,142.0,3
ISAE4,2023,2024,19768950.257,143.0,3
TOTS3,2023,2024,20342233.641,144.0,3
ENEV3,2023,2024,21540165.92,145.0,3
HYPE3,2023,2024,22626479.59,146.0,3
BRFS3,2023,2024,23182240.285,147.0,3
NATU3,2023,2024,23319077.16,148.0,3
KLBN11,2023,2024,24348734.097,149.0,3
VBBR3,2023,2024,25376489.6,150.0,3
ENGI11,2023,2024,25461331.429,151.0,3
NEOE3,2023,2024,25868174.677,152.0,3
CSNA3,2023,2024,26071006.998,153.0,3
CRFB3,2023,2024,26248265.417,154.0,3
CMIG4,2023,2024,27947872.2,155.0,3
MOTV3,2023,2024,28599903.267,156.0,3
UGPA3,2023,2024,29134942.022,157.0,3
CPLE6,2023,2024,29809465.332,158.0,3
HAPV3,2023,2024,33353226.11,159.0,3
CSAN3,2023,2024,36155892.311,160.0,3
EGIE3,2023,2024,36986004.454,161.0,3
PRIO3,2023,2024,38430160.931,162.0,3
CXSE3,2023,2024,38700000.0,163.0,3
EQTL3,2023,2024,39899964.759,164.0,3
GGBR4,2023,2024,40127388.977,165.0,3
RAIZ4,2023,2024,41614242.797,166.0,3
RAIL3,2023,2024,42446109.227,167.0,3
CMIN3,2023,2024,42514956.859,168.0,3
TIMS3,2023,2024,43401340.715,169.0,3
CPFE3,2023,2024,44373318.484,170.0,3
RADL3,2023,2024,50402841.325,171.0,3
JBSS3,2023,2024,55253278.777,172.0,3
RDOR3,2023,2024,64842488.98,173.0,3
BBSE3,2023,2024,66521563.378,174.0,3
RENT3,2023,2024,67261125.287,175.0,3
SUZB3,2023,2024,71726652.595,176.0,3
B3SA3,2023,2024,81095678.703,177.0,3
VIVT3,2023,2024,88314089.174,178.0,3
AXIA3,2023,2024,96729083.355,179.0,3
ITSA4,2023,2024,106996426.07,180.0,3
WEGE3,2023,2024,154846098.09,181.0,3
ABEV3,2023,2024,216239934.77,182.0,3
VALE3,2023,2024,331948729.73,183.0,3
PETR4,2023,2024,494840194.2,184.0,3
SEQL3,2024,2025,57242.69354,1.0,1
GFSA3,2024,2025,97967.14,2.0,1
HBOR3,2024,2025,183117.72,3.0,1
AZEV4,2024,2025,185730.34274,4.0,1
ENJU3,2024,2025,215267.85,5.0,1
CASH3,2024,2025,239715.47875,6.0,1
BHIA3,2024,2025,274758.08,7.0,1
HBRE3,2024,2025,306645.96936,8.0,1
MTRE3,2024,2025,306746.978,9.0,1
ETER3,2024,2025,313182.6096,10.0,1
AERI3,2024,2025,350005.2419,11.0,1
LJQQ3,2024,2025,421357.68,12.0,1
QUAL3,2024,2025,427611.83552,13.0,1
PTBL3,2024,2025,516012.42,14.0,1
SEER3,2024,2025,569792.97,15.0,1
ANIM3,2024,2025,596770.80636,16.0,1
PRNR3,2024,2025,626525.35137,17.0,1
CSUD3,2024,2025,635727.4,18.0,1
VVEO3,2024,2025,647407.0314,19.0,1
POSI3,2024,2025,722822.38,20.0,1
MELK3,2024,2025,725166.10765,21.0,1
CVCB3,2024,2025,725304.22398,22.0,1
PFRM3,2024,2025,760745.26811,23.0,1
ROMI3,2024,2025,786361.10468,24.0,1
TRIS3,2024,2025,792115.38,25.0,1
VITT3,2024,2025,810049.8906,26.0,1
VTRU3,2024,2025,823299.57248,27.0,1
SYNE3,2024,2025,845647.76,28.0,1
MLAS3,2024,2025,855857.5044,29.0,1
WIZC3,2024,2025,890683.56074,30.0,1
ZAMP3,2024,2025,901539.66682,31.0,1
MDNE3,2024,2025,905183.9316,32.0,1
OPCT3,2024,2025,1048773.8856,33.0,1
EVEN3,2024,2025,1055149.5054,34.0,1
TASA4,2024,2025,1066684.5219,35.0,1
BMOB3,2024,2025,1162561.9634,36.0,1
CSED3,2024,2025,1166536.1664,37.0,1
DESK3,2024,2025,1208226.9224,38.0,1
FIQE3,2024,2025,1235673.488,39.0,1
MATD3,2024,2025,1242955.987,40.0,1
PCAR3,2024,2025,1249596.9,41.0,1
MOVI3,2024,2025,1264177.3756,42.0,1
PNVL3,2024,2025,1309383.7768,43.0,1
BRIT3,2024,2025,1363979.443,44.0,1
SOJA3,2024,2025,1379011.5776,45.0,1
TFCO4,2024,2025,1391655.8489,46.0,1
JALL3,2024,2025,1399181.161,47.0,1
LAVV3,2024,2025,1463803.2965,48.0,1
ONCO3,2024,2025,1480734.8735,49.0,1
LIGT3,2024,2025,1512574.6154,50.0,1
TEND3,2024,2025,1531289.36,51.0,1
JSLG3,2024,2025,1539224.5595,52.0,1
LOGG3,2024,2025,1567428.31,53.0,1
RANI3,2024,2025,1592667.78,54.0,1
KEPL3,2024,2025,1614046.77,55.0,1
MYPK3,2024,2025,1689405.6,56.0,1
ARML3,2024,2025,1741389.2846,57.0,1
PGMN3,2024,2025,1816554.5348,58.0,1
PLPL3,2024,2025,1823037.265,59.0,1
AUAU3,2024,2025,1835258.5921,60.0,2
CLSA3,2024,2025,1849192.4304,61.0,2
LWSA3,2024,2025,1853674.3547,62.0,2
TGMA3,2024,2025,1887798.4124,63.0,2
MILS3,2024,2025,1892857.3763,64.0,2
VLID3,2024,2025,1923211.2771,65.0,2
CAML3,2024,2025,1995266.7072,66.0,2
COGN3,2024,2025,2010332.0617,67.0,2
SHUL4,2024,2025,2042917.398,68.0,2
HBSA3,2024,2025,2091053.25,69.0,2
AGRO3,2024,2025,2271357.7813,70.0,2
BLAU3,2024,2025,2336501.7179,71.0,2
CEAB3,2024,2025,2347198.5835,72.0,2
EZTC3,2024,2025,2362301.3635,73.0,2
DASA3,2024,2025,2374325.2986,74.0,2
YDUQ3,2024,2025,2374488.9,75.0,2
JHSF3,2024,2025,2473029.5761,76.0,2
SBFG3,2024,2025,2577184.2656,77.0,2
IGTI11,2024,2025,2741881.713,78.0,2
ECOR3,2024,2025,2949433.04,79.0,2
MRVE3,2024,2025,2988606.06,80.0,2
BEEF3,2024,2025,2994579.116,81.0,2
SIMH3,2024,2025,3018460.832,82.0,2
CBAV3,2024,2025,3053532.37,83.0,2
RAPT4,2024,2025,3054363.72,84.0,2
TUPY3,2024,2025,3071561.0508,85.0,2
RIAA3,2024,2025,3090032.1536,86.0,2
ORVR3,2024,2025,3139695.35,87.0,2
FESA4,2024,2025,3165263.892,88.0,2
SRNA3,2024,2025,3424785.9305,89.0,2
IRBR3,2024,2025,3474230.5531,90.0,2
LEVE3,2024,2025,3721900.94,91.0,2
ELMD3,2024,2025,3984461.8814,92.0,2
ALPA4,2024,2025,4111966.657,93.0,2
INTB3,2024,2025,4186272.7764,94.0,2
VULC3,2024,2025,4217155.97,95.0,2
GRND3,2024,2025,4402540.8,96.0,2
VIVA3,2024,2025,4524966.1958,97.0,2
DIRR3,2024,2025,4601583.5292,98.0,2
RECV3,2024,2025,4751137.8699,99.0,2
MGLU3,2024,2025,4784391.4365,100.0,2
DXCO3,2024,2025,4817849.44,101.0,2
CURY3,2024,2025,5061379.6685,102.0,2
VAMO3,2024,2025,5132534.3008,103.0,2
UNIP6,2024,2025,5326416.7969,104.0,2
AURA33,2024,2025,5432062.8314,105.0,2
FRAS3,2024,2025,5473828.0,106.0,2
SAUD3,2024,2025,5932892.782,107.0,2
AZZA3,2024,2025,6107353.9666,108.0,2
CYRE3,2024,2025,6212717.4,109.0,2
USIM5,2024,2025,6548614.9512,110.0,2
FLRY3,2024,2025,6569456.4497,111.0,2
MDIA3,2024,2025,6721295.4152,112.0,2
TTEN3,2024,2025,6845098.2698,113.0,2
PORT3,2024,2025,7192349.549,114.0,2
POMO4,2024,2025,7592934.2573,115.0,2
SMTO3,2024,2025,7683980.3327,116.0,2
SLCE3,2024,2025,7712549.775,117.0,2
CSMG3,2024,2025,7894548.42,118.0,2
SAPR11,2024,2025,8213827.2983,119.0,3
ALUP11,2024,2025,8527102.6723,120.0,3
AURE3,2024,2025,9164457.06,121.0,3
ALOS3,2024,2025,9176452.1977,122.0,3
GGPS3,2024,2025,9434469.1394,123.0,3
BRKM5,2024,2025,9464257.3185,124.0,3
SMFT3,2024,2025,9942669.2214,125.0,3
MULT3,2024,2025,10101337.425,126.0,3
GOAU4,2024,2025,10269671.406,127.0,3
BRAV3,2024,2025,10917159.906,128.0,3
STBP3,2024,2025,11293113.0,129.0,3
TAEE11,2024,2025,11346297.55,130.0,3
HYPE3,2024,2025,11445493.596,131.0,3
CRFB3,2024,2025,11452177.94,132.0,3
CSNA3,2024,2025,11749192.37,133.0,3
LREN3,2024,2025,12746991.84,134.0,3
GMAT3,2024,2025,14366093.127,135.0,3
MBRF3,2024,2025,15024384.137,136.0,3
CSAN3,2024,2025,15200635.41,137.0,3
TOTS3,2024,2025,15672537.705,138.0,3
HAPV3,2024,2025,16546131.812,139.0,3
ISAE4,2024,2025,17090279.06,140.0,3
UGPA3,2024,2025,17406957.788,141.0,3
NATU3,2024,2025,17686533.92,142.0,3
ENGI11,2024,2025,19082355.977,143.0,3
VBBR3,2024,2025,19882876.24,144.0,3
ENEV3,2024,2025,20337536.7,145.0,3
MOTV3,2024,2025,20442878.52,146.0,3
AMBP3,2024,2025,21683709.97,147.0,3
RAIZ4,2024,2025,22321970.95,148.0,3
NEOE3,2024,2025,22940790.814,149.0,3
PSSA3,2024,2025,23139435.496,150.0,3
CPLE6,2024,2025,26062177.213,151.0,3
CMIN3,2024,2025,27975029.371,152.0,3
KLBN11,2024,2025,28766434.526,153.0,3
EGIE3,2024,2025,28965434.77,154.0,3
PRIO3,2024,2025,32802605.889,155.0,3
RAIL3,2024,2025,33016421.278,156.0,3
RENT3,2024,2025,33930788.254,157.0,3
EQTL3,2024,2025,34229688.846,158.0,3
CMIG4,2024,2025,35145544.06,159.0,3
GGBR4,2024,2025,36187993.077,160.0,3
CPFE3,2024,2025,36399717.76,161.0,3
RADL3,2024,2025,37663881.816,162.0,3
BRFS3,2024,2025,41104605.742,163.0,3
EMBJ3,2024,2025,41279028.27,164.0,3
CXSE3,2024,2025,42750000.0,165.0,3
B3SA3,2024,2025,53999763.374,166.0,3
RDOR3,2024,2025,56435440.13,167.0,3
SBSP3,2024,2025,60490623.407,168.0,3
BBSE3,2024,2025,70232110.167,169.0,3
VIVT3,2024,2025,76079945.389,170.0,3
SUZB3,2024,2025,76560360.134,171.0,3
AXIA3,2024,2025,77730412.618,172.0,3
JBSS3,2024,2025,80517624.231,173.0,3
ITSA4,2024,2025,96328202.33,174.0,3
ABEV3,2024,2025,184644959.0,175.0,3
WEGE3,2024,2025,221398507.44,176.0,3
VALE3,2024,2025,232858676.65,177.0,3
PETR4,2024,2025,490407223.67,178.0,3
