ticker,data,ano_mes_carteira,book-to-market-value,indicator_rank,tercile
AXIA3,2009,2010,2.738275905679647,1.0,1
KSSA3,2009,2010,1.853388444171884,2.0,1
BRKM5,2009,2010,1.3542865063756486,3.0,1
CSMG3,2009,2010,1.3511413526792653,4.0,1
AGIN3,2009,2010,1.341598523141179,5.0,1
CLSC4,2009,2010,1.279524197821006,6.0,1
BISA3,2009,2010,1.2097591760010773,7.0,1
CPLE6,2009,2010,1.183034010425919,8.0,1
FESA4,2009,2010,1.1450831596744386,9.0,1
MAGG3,2009,2010,1.1315316444315289,10.0,1
ENEV3,2009,2010,1.077218257418583,11.0,1
LAND3,2009,2010,1.006553114912338,12.0,1
FIBR3,2009,2010,0.9989693859503233,13.0,1
VCPA4,2009,2010,0.9989693859503233,14.0,1
ENBR3,2009,2010,0.9957828941012794,15.0,1
EMBJ3,2009,2010,0.9259817356839644,16.0,1
SUZB5,2009,2010,0.917985497475053,17.0,1
BICB4,2009,2010,0.9070828906310836,18.0,1
GOAU4,2009,2010,0.8917638506912327,19.0,1
GPIV33,2009,2010,0.868828381604522,20.0,1
SULA11,2009,2010,0.8529297160136222,21.0,1
RSID3,2009,2010,0.8430912091117287,22.0,1
B3SA3,2009,2010,0.8291177583693689,23.0,1
TEND3-old,2009,2010,0.8180051932017478,24.0,1
GFSA3,2009,2010,0.8038638658088492,25.0,1
GOLL54,2009,2010,0.7879230781251607,26.0,1
FHER3,2009,2010,0.7773833555822849,27.0,1
CSAN3,2009,2010,0.7538157300895654,28.0,1
KLBN4,2009,2010,0.7499450027341127,29.0,1
POMO4,2009,2010,0.7356133055132686,30.0,1
BRML3,2009,2010,0.7270044470448332,31.0,1
MBRF3,2009,2010,0.7207375739861253,32.0,1
USIM5,2009,2010,0.7194670259385872,33.0,2
TCSL4,2009,2010,0.7099873113037365,34.0,2
TIMS3,2009,2010,0.7099873113037365,35.0,2
TMAR5,2009,2010,0.698360182805309,36.0,2
EQTL3,2009,2010,0.695085721243157,37.0,2
MULT3,2009,2010,0.6915769160859999,38.0,2
CMIG4,2009,2010,0.6913857972255164,39.0,2
GGBR4,2009,2010,0.6769355609435074,40.0,2
MYPK3,2009,2010,0.6732819324397333,41.0,2
CNFB4,2009,2010,0.6615465358103899,42.0,2
DURA4,2009,2010,0.6572991579143582,43.0,2
TNLP4,2009,2010,0.6508287465477032,44.0,2
ELPL4,2009,2010,0.6351326790075262,45.0,2
POSI3,2009,2010,0.6273126619002062,46.0,2
PCAR4,2009,2010,0.6253025144568899,47.0,2
VIVO4,2009,2010,0.6207087216944692,48.0,2
PSSA3,2009,2010,0.5965893294663526,49.0,2
ISAE4,2009,2010,0.5953589635566414,50.0,2
RAPT4,2009,2010,0.5885557220717,51.0,2
UGPA4,2009,2010,0.5805206632651491,52.0,2
ARTR3,2009,2010,0.575310105552473,53.0,2
LIGT3,2009,2010,0.5664963641926531,54.0,2
PDGR3,2009,2010,0.55977542931119,55.0,2
VALE5,2009,2010,0.5549459629609452,56.0,2
JBSS3,2009,2010,0.5249070310357588,57.0,2
BRFS3,2009,2010,0.5180610759767732,58.0,2
MRVE3,2009,2010,0.5104237861272004,59.0,2
VIVT4,2009,2010,0.4898538088507139,60.0,2
ITSA4,2009,2010,0.4641394158329154,61.0,2
PETR4,2009,2010,0.4632384278627937,62.0,2
TAMM4,2009,2010,0.4627570030248885,63.0,2
GVTT3,2009,2010,0.4567979988268853,64.0,3
SLCE3,2009,2010,0.446496838305719,65.0,3
CYRE3,2009,2010,0.4431482083993161,66.0,3
NETC4,2009,2010,0.438091093188237,67.0,3
PRML3,2009,2010,0.4106060024433265,68.0,3
AMIL3,2009,2010,0.3656521585689407,69.0,3
FFTL4,2009,2010,0.3388788517101653,70.0,3
ALLL11,2009,2010,0.3318952122490929,71.0,3
CPFE3,2009,2010,0.3286713747561721,72.0,3
CGAS5,2009,2010,0.3121584119875389,73.0,3
ABEV3,2009,2010,0.3029069138592035,74.0,3
AMBV4,2009,2010,0.3029069138592035,75.0,3
EGIE3,2009,2010,0.2965317527474042,76.0,3
LREN3,2009,2010,0.2961778960199624,77.0,3
OGXP3,2009,2010,0.2837911469226346,78.0,3
OIBR4,2009,2010,0.2667538674540201,79.0,3
DASA3,2009,2010,0.2622366183762375,80.0,3
WEGE3,2009,2010,0.2600137619292741,81.0,3
TOTS3,2009,2010,0.2440205086369077,82.0,3
RENT3,2009,2010,0.2368911371020653,83.0,3
CSNA3,2009,2010,0.2093343664644625,84.0,3
ARCZ6,2009,2010,0.185751037440152,85.0,3
LUPA3,2009,2010,0.1667422881373535,86.0,3
MOTV3,2009,2010,0.1512517918584933,87.0,3
SDIA4,2009,2010,0.1442729957357171,88.0,3
CRUZ3,2009,2010,0.1299893894704309,89.0,3
GETI4,2009,2010,0.0946211000081672,90.0,3
NATU3,2009,2010,0.0708957444534351,91.0,3
AMER3,2009,2010,0.0565182396258621,92.0,3
LAME4,2009,2010,0.0429645915303615,93.0,3
RDCD3,2009,2010,0.0355244852094876,94.0,3
CIEL3,2009,2010,0.0085030792190139,95.0,3
AXIA3,2010,2011,2.78684193682796,1.0,1
INEP4,2010,2011,1.4444181941728005,2.0,1
SLCE3,2010,2011,1.4072184520766735,3.0,1
SUZB5,2010,2011,1.3902931885156904,4.0,1
VIVR3,2010,2011,1.3667159593155618,5.0,1
CSMG3,2010,2011,1.3453721863063282,6.0,1
OIBR4,2010,2011,1.3379224812832042,7.0,1
GPIV33,2010,2011,1.248915964954177,8.0,1
SMTO3,2010,2011,1.2230466257872508,9.0,1
FIBR3,2010,2011,1.2188669447561815,10.0,1
PMAM3,2010,2011,1.119141823375407,11.0,1
TMAR5,2010,2011,1.1160910071509504,12.0,1
CPLE6,2010,2011,1.1132159137999806,13.0,1
BRML3,2010,2011,1.0810316159254292,14.0,1
BRKM5,2010,2011,1.0772437856387724,15.0,1
BRPR3,2010,2011,1.0760482361753338,16.0,1
FESA4,2010,2011,1.029283608066061,17.0,1
KLBN4,2010,2011,0.9982228363074976,18.0,1
JBSS3,2010,2011,0.9923116964391192,19.0,1
TNLP4,2010,2011,0.9373510024039508,20.0,1
EZTC3,2010,2011,0.8559193036874845,21.0,1
JHSF3,2010,2011,0.8444902795598883,22.0,1
LIGT3,2010,2011,0.8433359249781188,23.0,1
EVEN3,2010,2011,0.8336842402749673,24.0,1
B3SA3,2010,2011,0.8320689202544476,25.0,1
MAGG3,2010,2011,0.8080709301852319,26.0,1
ENBR3,2010,2011,0.8061095698033284,27.0,1
GOAU4,2010,2011,0.7883552712636653,28.0,1
BISA3,2010,2011,0.7745563674714523,29.0,1
CMIG4,2010,2011,0.7694580847757522,30.0,1
GFSA3,2010,2011,0.7656688345636166,31.0,1
EMBJ3,2010,2011,0.7621498397643985,32.0,1
USIM5,2010,2011,0.6994211578779507,33.0,1
RSID3,2010,2011,0.6983051893418486,34.0,1
PSSA3,2010,2011,0.6979500430020453,35.0,1
PETR4,2010,2011,0.6894862764001471,36.0,1
CNFB4,2010,2011,0.6889976761994584,37.0,1
LAND3,2010,2011,0.6749973473770023,38.0,1
BEEF3,2010,2011,0.6689660057209148,39.0,2
PDGR3,2010,2011,0.6649051564626361,40.0,2
SULA11,2010,2011,0.6480181566721294,41.0,2
CSAN3,2010,2011,0.6475325366035624,42.0,2
ALSC3,2010,2011,0.6466096269785324,43.0,2
GGBR4,2010,2011,0.639052326267152,44.0,2
BRFS3,2010,2011,0.6385452910520809,45.0,2
ENEV3,2010,2011,0.6379953061662762,46.0,2
MBRF3,2010,2011,0.635357115819113,47.0,2
ISAE4,2010,2011,0.6333137688936589,48.0,2
BICB4,2010,2011,0.6333110691230884,49.0,2
VIVT4,2010,2011,0.6286361690344534,50.0,2
ELPL4,2010,2011,0.6265895034282525,51.0,2
TCSL4,2010,2011,0.6223040717829779,52.0,2
TIMS3,2010,2011,0.6223040717829779,53.0,2
FFTL4,2010,2011,0.6093853302508732,54.0,2
NETC4,2010,2011,0.6054771396995345,55.0,2
COCE5,2010,2011,0.5833044985274631,56.0,2
IGTA3,2010,2011,0.5753998145585656,57.0,2
ITSA4,2010,2011,0.5741922660902627,58.0,2
KEPL3,2010,2011,0.5489316470331995,59.0,2
VLID3,2010,2011,0.5395586526682898,60.0,2
EQTL3,2010,2011,0.5194903325857133,61.0,2
CYRE3,2010,2011,0.5092398805045251,62.0,2
PLAS3,2010,2011,0.4950195944908436,63.0,2
MULT3,2010,2011,0.4916537802246917,64.0,2
BRAP4,2010,2011,0.4867596769420271,65.0,2
VALE5,2010,2011,0.4822027493034593,66.0,2
GOLL54,2010,2011,0.4705268596004558,67.0,2
MYPK3,2010,2011,0.4701732686466349,68.0,2
POSI3,2010,2011,0.4676684831173921,69.0,2
RAPT4,2010,2011,0.4649294694377561,70.0,2
OSXB3,2010,2011,0.4619281191474181,71.0,2
NEXP3,2010,2011,0.4505601043505034,72.0,2
POMO4,2010,2011,0.4492875615682483,73.0,2
DXCO3,2010,2011,0.4407495639719094,74.0,2
UGPA4,2010,2011,0.4361258445019046,75.0,2
MRVE3,2010,2011,0.4354842958392212,76.0,3
PCAR4,2010,2011,0.4245555558698259,77.0,3
SLED4,2010,2011,0.39531363242877,78.0,3
HYPE3,2010,2011,0.3922581576324059,79.0,3
VIVO4,2010,2011,0.3819960306086262,80.0,3
FLRY3,2010,2011,0.3718479320544361,81.0,3
ALLL11,2010,2011,0.362662631689324,82.0,3
EGIE3,2010,2011,0.3530577454270663,83.0,3
CPFE3,2010,2011,0.3447060413212255,84.0,3
ARTR3,2010,2011,0.3410962548409384,85.0,3
AEDU11,2010,2011,0.339894545389562,86.0,3
WEGE3,2010,2011,0.3204192764325581,87.0,3
ECOR3,2010,2011,0.3131986410125491,88.0,3
GETI4,2010,2011,0.2772384033858451,89.0,3
LUPA3,2010,2011,0.2597755359973346,90.0,3
AMIL3,2010,2011,0.2577062489843491,91.0,3
ABEV3,2010,2011,0.232157942319486,92.0,3
AMBV4,2010,2011,0.232157942319486,93.0,3
SAUD3,2010,2011,0.2315295266701916,94.0,3
MPLU3,2010,2011,0.2247188556847017,95.0,3
MOTV3,2010,2011,0.2165061346950815,96.0,3
TAMM4,2010,2011,0.2094577768317991,97.0,3
AMAR3,2010,2011,0.1981254947891079,98.0,3
RENT3,2010,2011,0.1932925024869793,99.0,3
PRML3,2010,2011,0.1872447767897304,100.0,3
OGXP3,2010,2011,0.1730397399754319,101.0,3
CSNA3,2010,2011,0.1719297660889036,102.0,3
HGTX3,2010,2011,0.1690461835613869,103.0,3
MMXM3,2010,2011,0.1613137604724565,104.0,3
DASA3,2010,2011,0.1600936182450454,105.0,3
LREN3,2010,2011,0.1532930117765353,106.0,3
TOTS3,2010,2011,0.1307828310673283,107.0,3
CRUZ3,2010,2011,0.0962560109915273,108.0,3
RDCD3,2010,2011,0.0826318561808405,109.0,3
AMER3,2010,2011,0.0678134891886997,110.0,3
NATU3,2010,2011,0.0652211326749598,111.0,3
CIEL3,2010,2011,0.0554866980717935,112.0,3
LAME4,2010,2011,0.0304723105369155,113.0,3
MILK33,2011,2012,2.81208438913077,1.0,1
AXIA3,2011,2012,2.5592852657855687,2.0,1
SUZB5,2011,2012,2.2287945465661134,3.0,1
FIBR3,2011,2012,1.664796599990053,4.0,1
JBSS3,2011,2012,1.5380655290457328,5.0,1
INEP4,2011,2012,1.3786321233153125,6.0,1
CSMG3,2011,2012,1.218513655478975,7.0,1
BRPR3,2011,2012,1.1840707856049095,8.0,1
GFSA3,2011,2012,1.1764446798448132,9.0,1
MBRF3,2011,2012,1.1537265048523702,10.0,1
TNLP4,2011,2012,1.1473977634004684,11.0,1
MAGG3,2011,2012,1.1360985887499968,12.0,1
OIBR4,2011,2012,1.112018071229688,13.0,1
SLCE3,2011,2012,1.083078056032862,14.0,1
CPLE6,2011,2012,1.0726853367268523,15.0,1
PMAM3,2011,2012,1.0692569218160453,16.0,1
TMAR5,2011,2012,1.053402335166998,17.0,1
GOAU4,2011,2012,1.04635693772314,18.0,1
FESA4,2011,2012,1.0448307063945612,19.0,1
ALOS3,2011,2012,0.9951967596494006,20.0,1
KLBN4,2011,2012,0.9835208292513552,21.0,1
PETR4,2011,2012,0.983142839873642,22.0,1
USIM5,2011,2012,0.94522217133827,23.0,1
B3SA3,2011,2012,0.940874703048828,24.0,1
POSI3,2011,2012,0.916302124666912,25.0,1
LAND3,2011,2012,0.9149266140752872,26.0,1
CSAN3,2011,2012,0.886345934289979,27.0,1
BISA3,2011,2012,0.8668498171573414,28.0,1
GGBR4,2011,2012,0.8646610844571845,29.0,1
VIVT4,2011,2012,0.8639128841013777,30.0,1
EVEN3,2011,2012,0.8188589317838797,31.0,1
BRML3,2011,2012,0.7935223882379545,32.0,1
ENBR3,2011,2012,0.7850741711321457,33.0,1
CNFB4,2011,2012,0.7823758377434711,34.0,1
BICB4,2011,2012,0.7822960017777418,35.0,1
HYPE3,2011,2012,0.7362925769715977,36.0,1
CYRE3,2011,2012,0.7126939695674022,37.0,1
BRKM5,2011,2012,0.6804797137561498,38.0,1
EQTL3,2011,2012,0.6759353435873876,39.0,1
PDGR3,2011,2012,0.647086115458581,40.0,1
TCSA3,2011,2012,0.6413246637454798,41.0,1
KROT11,2011,2012,0.6373755110551981,42.0,1
CMIG4,2011,2012,0.6303365717360324,43.0,2
BRFS3,2011,2012,0.615992597882236,44.0,2
ALSC3,2011,2012,0.614156408474609,45.0,2
MMXM3,2011,2012,0.602132442284267,46.0,2
RSID3,2011,2012,0.5981550396734044,47.0,2
PSSA3,2011,2012,0.5756230050513779,48.0,2
EMBJ3,2011,2012,0.5702601492740007,49.0,2
ISAE4,2011,2012,0.5608430693316571,50.0,2
LIGT3,2011,2012,0.5557287308886698,51.0,2
COCE5,2011,2012,0.5530052661022875,52.0,2
AUTM3,2011,2012,0.5483624843870963,53.0,2
TCSL4,2011,2012,0.5474051758090036,54.0,2
TIMS3,2011,2012,0.5474051758090036,55.0,2
BRAP4,2011,2012,0.5459308138069482,56.0,2
ELPL4,2011,2012,0.537823671127435,57.0,2
SULA11,2011,2012,0.5251256740340716,58.0,2
VALE5,2011,2012,0.5249000419266692,59.0,2
EZTC3,2011,2012,0.5239401753901464,60.0,2
ITSA4,2011,2012,0.5204832931053209,61.0,2
GOLL54,2011,2012,0.5179421670634116,62.0,2
MRVE3,2011,2012,0.5146835124953003,63.0,2
IGTA3,2011,2012,0.5089209977308603,64.0,2
PRIO3,2011,2012,0.5059370058342618,65.0,2
SLED4,2011,2012,0.5046929437344115,66.0,2
TAMM4,2011,2012,0.5034263734244596,67.0,2
ENAT3,2011,2012,0.4998878489454916,68.0,2
MULT3,2011,2012,0.4959614233945428,69.0,2
DXCO3,2011,2012,0.4908208764375872,70.0,2
OSXB3,2011,2012,0.4710110244023287,71.0,2
RAPT4,2011,2012,0.4669768274289094,72.0,2
FFTL4,2011,2012,0.4624572585040079,73.0,2
NEXP3,2011,2012,0.4520262327548789,74.0,2
ALLL3,2011,2012,0.4488600137204031,75.0,2
MYPK3,2011,2012,0.438370461696381,76.0,2
AEDU3,2011,2012,0.4256231726707052,77.0,2
VLID3,2011,2012,0.4067254655385952,78.0,2
AMER3,2011,2012,0.4037601974649242,79.0,2
MDIA3,2011,2012,0.4017265713360272,80.0,2
PCAR4,2011,2012,0.3910283098815673,81.0,2
RAIA3,2011,2012,0.3865320779872946,82.0,2
DASA3,2011,2012,0.3849478331849887,83.0,2
UGPA4,2011,2012,0.3705566817689032,84.0,3
YDUQ3,2011,2012,0.3679178662273621,85.0,3
FLRY3,2011,2012,0.359518239106074,86.0,3
VIVO4,2011,2012,0.3522722426380429,87.0,3
STBP11,2011,2012,0.3447611668697895,88.0,3
POMO4,2011,2012,0.324090605512447,89.0,3
ALPA4,2011,2012,0.3186068367570805,90.0,3
WEGE3,2011,2012,0.3183803204818493,91.0,3
CPFE3,2011,2012,0.3160227294415959,92.0,3
EGIE3,2011,2012,0.3108643152417126,93.0,3
ENEV3,2011,2012,0.2832803633022858,94.0,3
LUPA3,2011,2012,0.2726951127495528,95.0,3
PRML3,2011,2012,0.271778404419507,96.0,3
ARTR3,2011,2012,0.27120890317843,97.0,3
CTAX4,2011,2012,0.2561985948415647,98.0,3
CSNA3,2011,2012,0.25241412285191,99.0,3
TGMA3,2011,2012,0.24529613627443,100.0,3
ECOR3,2011,2012,0.2398563952233325,101.0,3
APER3,2011,2012,0.2263962554234767,102.0,3
AMIL3,2011,2012,0.2254221820144234,103.0,3
GETI4,2011,2012,0.2114445258813081,104.0,3
AMAR3,2011,2012,0.2089761892695371,105.0,3
MGLU3,2011,2012,0.2071645942826785,106.0,3
OGXP3,2011,2012,0.1926972912161107,107.0,3
RENT3,2011,2012,0.1843568956096321,108.0,3
AZZA3,2011,2012,0.1794165920146392,109.0,3
ABEV3,2011,2012,0.1714089379029298,110.0,3
AMBV4,2011,2012,0.1714089379029298,111.0,3
CTIP3,2011,2012,0.1712345849180732,112.0,3
SAUD3,2011,2012,0.167742511810416,113.0,3
LPSB3,2011,2012,0.1653929343907714,114.0,3
MOTV3,2011,2012,0.1631921358393891,115.0,3
TOTS3,2011,2012,0.1413587996810238,116.0,3
TECN3,2011,2012,0.1396714705435362,117.0,3
LREN3,2011,2012,0.1394804230970402,118.0,3
HGTX3,2011,2012,0.1034259128430101,119.0,3
RDCD3,2011,2012,0.0863323563886859,120.0,3
NATU3,2011,2012,0.0696948042843774,121.0,3
CRUZ3,2011,2012,0.0673902327786532,122.0,3
CIEL3,2011,2012,0.0619789566418688,123.0,3
MPLU3,2011,2012,0.0532182645647444,124.0,3
LAME4,2011,2012,0.0484713777193564,125.0,3
AXIA6,2012,2013,3.810099931914322,1.0,1
SUZB5,2012,2013,3.6361825717725855,2.0,1
USIM5,2012,2013,2.4497464857844538,3.0,1
GFSA3,2012,2013,2.3131119668210594,4.0,1
PMAM3,2012,2013,2.2690995035818458,5.0,1
PRIO3,2012,2013,2.0867101224081046,6.0,1
FIBR3,2012,2013,1.8602237107809496,7.0,1
BISA3,2012,2013,1.693042172611286,8.0,1
RSID3,2012,2013,1.5974985028111142,9.0,1
PDGR3,2012,2013,1.5229245905470106,10.0,1
MAGG3,2012,2013,1.4779237377405685,11.0,1
LAND3,2012,2013,1.4015866295107915,12.0,1
PETR4,2012,2013,1.3864816220093652,13.0,1
JBSS3,2012,2013,1.1805248467211955,14.0,1
GOAU4,2012,2013,1.162557477635551,15.0,1
AMER3,2012,2013,1.1542879875287386,16.0,1
ENAT3,2012,2013,1.104910310528986,17.0,1
OSXB3,2012,2013,1.0953870678888251,18.0,1
TCSA3,2012,2013,1.0940060264456628,19.0,1
CPLE6,2012,2013,1.0864836674004172,20.0,1
EVEN3,2012,2013,1.043090706681804,21.0,1
MBRF3,2012,2013,1.037880221161333,22.0,1
BRPR3,2012,2013,1.0198369885105822,23.0,1
B3SA3,2012,2013,0.9802734043867276,24.0,1
KROT11,2012,2013,0.963478187759951,25.0,1
GGBR4,2012,2013,0.9486886388842256,26.0,1
SLCE3,2012,2013,0.9476520845076076,27.0,1
CSMG3,2012,2013,0.9291603590564372,28.0,1
ALOS3,2012,2013,0.9204216701809737,29.0,1
HYPE3,2012,2013,0.897800293759136,30.0,1
BRKM5,2012,2013,0.8881315062623466,31.0,1
PSSA3,2012,2013,0.8698295936484979,32.0,1
ELPL4,2012,2013,0.8588467423403129,33.0,1
SMTO3,2012,2013,0.8583728218377019,34.0,1
EQTL3,2012,2013,0.8361005390010795,35.0,1
BRAP4,2012,2013,0.8256356493430097,36.0,1
MRVE3,2012,2013,0.8239078689456916,37.0,1
OIBR4,2012,2013,0.8237175978938885,38.0,1
CZLT33,2012,2013,0.8087528426783671,39.0,1
VIVT4,2012,2013,0.7967103220039415,40.0,1
CYRE3,2012,2013,0.7930786910118438,41.0,1
VALE5,2012,2013,0.7686859148219884,42.0,2
SLED4,2012,2013,0.767987518685818,43.0,2
ENBR3,2012,2013,0.7497428047775009,44.0,2
ALLL3,2012,2013,0.7214645566878796,45.0,2
CSAN3,2012,2013,0.7129067070096853,46.0,2
MMXM3,2012,2013,0.7066603300635451,47.0,2
SULA11,2012,2013,0.7023659670828291,48.0,2
BRML3,2012,2013,0.6927656165297027,49.0,2
KLBN4,2012,2013,0.659121445290208,50.0,2
ITSA4,2012,2013,0.6581605837534552,51.0,2
DXCO3,2012,2013,0.6543703885801511,52.0,2
EMBJ3,2012,2013,0.6477451225166537,53.0,2
AUTM3,2012,2013,0.6419383203988278,54.0,2
LIGT3,2012,2013,0.6366121243371035,55.0,2
DASA3,2012,2013,0.633886240894912,56.0,2
RAPT4,2012,2013,0.6267219867121749,57.0,2
GOLL54,2012,2013,0.625106901447145,58.0,2
HBOR3,2012,2013,0.582723735013797,59.0,2
PRML3,2012,2013,0.5784227335718369,60.0,2
AEDU3,2012,2013,0.5730491754668477,61.0,2
GRND3,2012,2013,0.5702409455402273,62.0,2
ALSC3,2012,2013,0.5606619151721379,63.0,2
NEXP3,2012,2013,0.5573786749507217,64.0,2
COCE5,2012,2013,0.555737162440438,65.0,2
IMCH3,2012,2013,0.5507179466668197,66.0,2
BRFS3,2012,2013,0.5305465205720679,67.0,2
BPHA3,2012,2013,0.5304143426469904,68.0,2
LEVE3,2012,2013,0.5243140007834102,69.0,2
EZTC3,2012,2013,0.5144819128346848,70.0,2
IGTA3,2012,2013,0.5010800759661491,71.0,2
TIMS3,2012,2013,0.4950983757825813,72.0,2
JHSF3,2012,2013,0.4776445651399997,73.0,2
ABRE11,2012,2013,0.4714693926717563,74.0,2
ISAE4,2012,2013,0.4698190213536442,75.0,2
OGXP3,2012,2013,0.4673094996831389,76.0,2
ETER3,2012,2013,0.4670308176472185,77.0,2
SIMH3,2012,2013,0.4614040233444718,78.0,2
CSNA3,2012,2013,0.4492321508235261,79.0,2
ENEV3,2012,2013,0.4465254741966297,80.0,2
CMIG4,2012,2013,0.4318904488377775,81.0,2
QUAL3,2012,2013,0.4302956447330562,82.0,2
FLRY3,2012,2013,0.4261272804526511,83.0,3
MYPK3,2012,2013,0.3955917179922762,84.0,3
BEEF3,2012,2013,0.3853002345382951,85.0,3
PCAR4,2012,2013,0.3829219396840375,86.0,3
MULT3,2012,2013,0.3572370185918437,87.0,3
MGLU3,2012,2013,0.3437059358932559,88.0,3
YDUQ3,2012,2013,0.3400705192023849,89.0,3
STBP11,2012,2013,0.3387721045019028,90.0,3
MDIA3,2012,2013,0.3329757751865602,91.0,3
WEGE3,2012,2013,0.3169590432177469,92.0,3
ALPA4,2012,2013,0.3107367645246983,93.0,3
POMO4,2012,2013,0.3104868078749228,94.0,3
VLID3,2012,2013,0.3025009755365451,95.0,3
CGAS5,2012,2013,0.2861190205616978,96.0,3
CPFE3,2012,2013,0.285220550013244,97.0,3
APER3,2012,2013,0.2740232571592992,98.0,3
TECN3,2012,2013,0.270713153560367,99.0,3
LPSB3,2012,2013,0.2500071113339914,100.0,3
ARTR3,2012,2013,0.2422965446819063,101.0,3
UGPA3,2012,2013,0.2418283371906736,102.0,3
EGIE3,2012,2013,0.2311088262380518,103.0,3
AMIL3,2012,2013,0.2269640408094581,104.0,3
ECOR3,2012,2013,0.2238880561911529,105.0,3
AMAR3,2012,2013,0.214760087561868,106.0,3
CTIP3,2012,2013,0.2042107872445764,107.0,3
TGMA3,2012,2013,0.2026166556899693,108.0,3
RENT3,2012,2013,0.1989353561628072,109.0,3
GETI4,2012,2013,0.1884211668655808,110.0,3
LREN3,2012,2013,0.1610203549619632,111.0,3
AZZA3,2012,2013,0.1553239662183488,112.0,3
SAUD3,2012,2013,0.131614961123109,113.0,3
TOTS3,2012,2013,0.128746345961807,114.0,3
MOTV3,2012,2013,0.1254475967867115,115.0,3
ABEV3,2012,2013,0.1235707180188066,116.0,3
AMBV4,2012,2013,0.1235707180188066,117.0,3
HGTX3,2012,2013,0.1193159384889827,118.0,3
RDCD3,2012,2013,0.0726396005209536,119.0,3
LAME4,2012,2013,0.065240406456909,120.0,3
NATU3,2012,2013,0.0578456315465108,121.0,3
CIEL3,2012,2013,0.0560030089860895,122.0,3
CRUZ3,2012,2013,0.0506085218705742,123.0,3
MPLU3,2012,2013,0.0211229301763423,124.0,3
OSXB3,2013,2014,9.11258062643345,1.0,1
AXIA6,2013,2014,9.013545123123755,2.0,1
CCXC3,2013,2014,4.818259161293319,3.0,1
PRIO3,2013,2014,4.145862432321983,4.0,1
BISA3,2013,2014,3.0945611366237107,5.0,1
ELPL4,2013,2014,2.4192443813105444,6.0,1
USIM5,2013,2014,2.2098013588812697,7.0,1
MMXM3,2013,2014,2.0915005049230673,8.0,1
GFSA3,2013,2014,2.003445041488123,9.0,1
RSID3,2013,2014,1.9395890271949632,10.0,1
CPLE6,2013,2014,1.9182504014865716,11.0,1
GOAU4,2013,2014,1.7419916686314991,12.0,1
PDGR3,2013,2014,1.7244691626805444,13.0,1
PETR4,2013,2014,1.6840521680646643,14.0,1
OIBR4,2013,2014,1.5944500006710614,15.0,1
MAGG3,2013,2014,1.5324503479785638,16.0,1
BRAP4,2013,2014,1.457938433059544,17.0,1
GGBR4,2013,2014,1.3850803228735948,18.0,1
BRPR3,2013,2014,1.33580022378938,19.0,1
MRVE3,2013,2014,1.3055360617447471,20.0,1
TPIS3,2013,2014,1.2570283454350375,21.0,1
ALOS3,2013,2014,1.192384053307262,22.0,1
SUZB5,2013,2014,1.19125234437716,23.0,1
CSMG3,2013,2014,1.176440462855105,24.0,1
PRML3,2013,2014,1.173939093829126,25.0,1
JBSS3,2013,2014,1.1628705439771545,26.0,1
PFRM3,2013,2014,1.1310706762747276,27.0,1
SLCE3,2013,2014,1.0785348351036528,28.0,1
VALE5,2013,2014,1.0735499745368329,29.0,1
FIBR3,2013,2014,1.0633120446316728,30.0,1
EVEN3,2013,2014,1.0334038003400825,31.0,1
MBRF3,2013,2014,1.0225965379627964,32.0,1
PMAM3,2013,2014,1.0197736690858863,33.0,1
ISAE4,2013,2014,1.0163400772778473,34.0,1
LAND3,2013,2014,0.9646763495639814,35.0,1
BRML3,2013,2014,0.9305681405658404,36.0,1
TCSA3,2013,2014,0.9213639770484529,37.0,1
CSNA3,2013,2014,0.9200587056522128,38.0,1
LIGT3,2013,2014,0.8676996124293859,39.0,1
OGXP3,2013,2014,0.8634423445159668,40.0,1
CYRE3,2013,2014,0.8457685031465966,41.0,1
AMER3,2013,2014,0.8384511802990036,42.0,1
B3SA3,2013,2014,0.8203256561731059,43.0,1
ENBR3,2013,2014,0.8031775164724899,44.0,2
ENAT3,2013,2014,0.7990200957093316,45.0,2
VIVT4,2013,2014,0.7939087394215818,46.0,2
SULA11,2013,2014,0.7625740525850199,47.0,2
HYPE3,2013,2014,0.7561920923308237,48.0,2
DASA3,2013,2014,0.7416550145741148,49.0,2
TIMS3,2013,2014,0.7225912801564285,50.0,2
SMTO3,2013,2014,0.7056840897876726,51.0,2
BRKM5,2013,2014,0.7046463203973432,52.0,2
DIRR3,2013,2014,0.6915388662208783,53.0,2
PSSA3,2013,2014,0.6715945422449344,54.0,2
SLED4,2013,2014,0.6694264968882976,55.0,2
MGLU3,2013,2014,0.6691964097592185,56.0,2
CMIG4,2013,2014,0.6515356544305593,57.0,2
ALUP11,2013,2014,0.6500556960730008,58.0,2
ALLL3,2013,2014,0.629789618932263,59.0,2
FLRY3,2013,2014,0.6156688135543333,60.0,2
CZLT33,2013,2014,0.6065168511086079,61.0,2
EQTL3,2013,2014,0.598188202908673,62.0,2
BPHA3,2013,2014,0.5882260275199751,63.0,2
IGTA3,2013,2014,0.5798953592447496,64.0,2
ITSA4,2013,2014,0.5612334272115959,65.0,2
TAEE11,2013,2014,0.5584326920471137,66.0,2
RAPT4,2013,2014,0.5536545581073465,67.0,2
KLBN4,2013,2014,0.5493040410713521,68.0,2
DXCO3,2013,2014,0.5423792134587777,69.0,2
CSAN3,2013,2014,0.5389436808626096,70.0,2
AUTM3,2013,2014,0.5367784466847895,71.0,2
HBOR3,2013,2014,0.5351722502479196,72.0,2
NEXP3,2013,2014,0.530252993263013,73.0,2
ALSC3,2013,2014,0.5253777443553103,74.0,2
IMCH3,2013,2014,0.4984948566296204,75.0,2
COCE5,2013,2014,0.4931288387228486,76.0,2
JHSF3,2013,2014,0.4885060899461729,77.0,2
EZTC3,2013,2014,0.4833460045002448,78.0,2
EMBJ3,2013,2014,0.4827781354679669,79.0,2
ENEV3,2013,2014,0.4783941656645733,80.0,2
MYPK3,2013,2014,0.4773740908076385,81.0,2
ABRE11,2013,2014,0.4570068987734305,82.0,2
CGAS5,2013,2014,0.4529953366242268,83.0,2
QUAL3,2013,2014,0.4521696457956795,84.0,2
GOLL54,2013,2014,0.4318584336948178,85.0,2
LEVE3,2013,2014,0.431534621257004,86.0,2
AEDU3,2013,2014,0.4144799407273912,87.0,3
MULT3,2013,2014,0.3911597660828554,88.0,3
STBP11,2013,2014,0.3810348134212553,89.0,3
DAGB33,2013,2014,0.3699890121021299,90.0,3
BRFS3,2013,2014,0.3477236901574888,91.0,3
BEEF3,2013,2014,0.3452441420524388,92.0,3
CPFE3,2013,2014,0.3369321644296874,93.0,3
LINX3,2013,2014,0.3367948074902073,94.0,3
ALPA4,2013,2014,0.3361228806973395,95.0,3
PCAR4,2013,2014,0.3336059996692658,96.0,3
SIMH3,2013,2014,0.3210799619400525,97.0,3
GRND3,2013,2014,0.3168619400309937,98.0,3
TECN3,2013,2014,0.3151931186481513,99.0,3
YDUQ3,2013,2014,0.3064369426620669,100.0,3
COGN3,2013,2014,0.2978325330996162,101.0,3
VLID3,2013,2014,0.2950447662337113,102.0,3
MDIA3,2013,2014,0.2757798286195348,103.0,3
LPSB3,2013,2014,0.2681390081324948,104.0,3
CTIP3,2013,2014,0.2616340984288752,105.0,3
AMAR3,2013,2014,0.2547039279836721,106.0,3
TGMA3,2013,2014,0.2546553479445433,107.0,3
EGIE3,2013,2014,0.2506227439092753,108.0,3
ARTR3,2013,2014,0.2465076276655004,109.0,3
WEGE3,2013,2014,0.242996926157278,110.0,3
GETI4,2013,2014,0.2345292289185169,111.0,3
APER3,2013,2014,0.2341894960613972,112.0,3
POMO4,2013,2014,0.2339858573735617,113.0,3
ECOR3,2013,2014,0.2339459416516555,114.0,3
RENT3,2013,2014,0.2231438747053506,115.0,3
UGPA3,2013,2014,0.2230764356429961,116.0,3
BBSE3,2013,2014,0.1893703409090909,117.0,3
TOTS3,2013,2014,0.1698522548673507,118.0,3
LREN3,2013,2014,0.1584513306101408,119.0,3
AZZA3,2013,2014,0.1574725386371961,120.0,3
HGTX3,2013,2014,0.1568511516249084,121.0,3
SAUD3,2013,2014,0.1386438187711068,122.0,3
MOTV3,2013,2014,0.1244262026449122,123.0,3
ABEV3,2013,2014,0.1192057040117929,124.0,3
AMBV4,2013,2014,0.1192057040117929,125.0,3
LAME4,2013,2014,0.0641540400195832,126.0,3
CRUZ3,2013,2014,0.0573358100905499,127.0,3
CIEL3,2013,2014,0.0559969861070992,128.0,3
NATU3,2013,2014,0.055214157409787,129.0,3
MPLU3,2013,2014,0.0285339214823544,130.0,3
AXIA6,2014,2015,6.260100674365042,1.0,1
PRIO3,2014,2015,4.155137146154885,2.0,1
RSID3,2014,2015,3.302359359425102,3.0,1
ENEV3,2014,2015,2.774277815373538,4.0,1
USIM5,2014,2015,2.37171396625844,5.0,1
PDGR3,2014,2015,2.365412395782815,6.0,1
BISA3,2014,2015,2.3567241535789756,7.0,1
GFSA3,2014,2015,2.284600925156549,8.0,1
GOAU4,2014,2015,1.82965770440057,9.0,1
CPLE6,2014,2015,1.6947073877082903,10.0,1
PETR4,2014,2015,1.6566787019573197,11.0,1
BRPR3,2014,2015,1.526160474618624,12.0,1
OIBR4,2014,2015,1.4674344924711322,13.0,1
GGBR4,2014,2015,1.4575146750468528,14.0,1
EVEN3,2014,2015,1.3605695466277568,15.0,1
BRAP4,2014,2015,1.339934194454962,16.0,1
MRVE3,2014,2015,1.2942475141024783,17.0,1
FIBR3,2014,2015,1.27289976216782,18.0,1
SUZB5,2014,2015,1.1936359019529084,19.0,1
LAND3,2014,2015,1.174473698701201,20.0,1
TCSA3,2014,2015,1.15113665834115,21.0,1
ELPL4,2014,2015,1.1376384403768174,22.0,1
CSMG3,2014,2015,1.1301164649023894,23.0,1
SLCE3,2014,2015,1.1157027487941948,24.0,1
PRML3,2014,2015,1.1124442555788387,25.0,1
BPHA3,2014,2015,1.1061811587989607,26.0,1
BRML3,2014,2015,1.0650584646743024,27.0,1
ENAT3,2014,2015,1.04829015798515,28.0,1
CYRE3,2014,2015,1.037890128983737,29.0,1
VALE5,2014,2015,1.0192975640313455,30.0,1
JBSS3,2014,2015,1.0021302778085657,31.0,1
SLED4,2014,2015,0.9564269023065464,32.0,1
MBRF3,2014,2015,0.945635215412931,33.0,1
NEXP3,2014,2015,0.939921297442234,34.0,1
ISAE4,2014,2015,0.93638589289219,35.0,1
VIVT4,2014,2015,0.9183897206647356,36.0,1
ENBR3,2014,2015,0.8823749031948372,37.0,1
B3SA3,2014,2015,0.8790845793617267,38.0,1
DIRR3,2014,2015,0.8748170586078429,39.0,1
PFRM3,2014,2015,0.84150539954685,40.0,1
BRKM5,2014,2015,0.8307026884371229,41.0,1
RAPT4,2014,2015,0.8156122809419051,42.0,2
ALLL3,2014,2015,0.7921475596793393,43.0,2
LIGT3,2014,2015,0.75966522757496,44.0,2
HBOR3,2014,2015,0.7498448094122017,45.0,2
CZLT33,2014,2015,0.7490239095239256,46.0,2
DXCO3,2014,2015,0.7418116268976441,47.0,2
ALUP11,2014,2015,0.7403619553000463,48.0,2
SULA11,2014,2015,0.7047581497880837,49.0,2
TUPY3,2014,2015,0.6931904486121322,50.0,2
KLBN11,2014,2015,0.6809813455806953,51.0,2
EZTC3,2014,2015,0.6749524919177963,52.0,2
ITSA4,2014,2015,0.6696046561503987,53.0,2
CMIG4,2014,2015,0.6378624108719237,54.0,2
FLRY3,2014,2015,0.6219824609209632,55.0,2
MYPK3,2014,2015,0.6133492862103406,56.0,2
CSAN3,2014,2015,0.6129491667066908,57.0,2
IGTA3,2014,2015,0.6108378668756143,58.0,2
TAEE11,2014,2015,0.5992788216333556,59.0,2
HYPE3,2014,2015,0.5988128945830722,60.0,2
ALSC3,2014,2015,0.5849045094553459,61.0,2
STBP11,2014,2015,0.5655211037777391,62.0,2
EMBJ3,2014,2015,0.560554279867047,63.0,2
PSSA3,2014,2015,0.5587533742268962,64.0,2
LPSB3,2014,2015,0.5465860012939099,65.0,2
ABRE11,2014,2015,0.5241383523248969,66.0,2
SEDU3,2014,2015,0.5241383523248969,67.0,2
IMCH3,2014,2015,0.5196983354171062,68.0,2
GRND3,2014,2015,0.4993881496232645,69.0,2
CSNA3,2014,2015,0.4931610905176585,70.0,2
AMER3,2014,2015,0.492172056849155,71.0,2
APER3,2014,2015,0.4848020190264736,72.0,2
SMTO3,2014,2015,0.4846027181999179,73.0,2
TIMS3,2014,2015,0.4755673183387772,74.0,2
RIAA3,2014,2015,0.4729348992404506,75.0,2
LEVE3,2014,2015,0.4648265066034716,76.0,2
EQTL3,2014,2015,0.4375886330239973,77.0,2
VVAR11,2014,2015,0.433287907775822,78.0,2
MGLU3,2014,2015,0.4256079289919608,79.0,2
MULT3,2014,2015,0.4089903039665885,80.0,2
SIMH3,2014,2015,0.4005735851540942,81.0,2
POMO4,2014,2015,0.387790915966935,82.0,2
AMAR3,2014,2015,0.3751017303383181,83.0,3
KEPL3,2014,2015,0.3743808365296667,84.0,3
ALPA4,2014,2015,0.3668849727164413,85.0,3
PCAR4,2014,2015,0.366364916640108,86.0,3
CPFE3,2014,2015,0.3475755553579318,87.0,3
BEEF3,2014,2015,0.3354129212631025,88.0,3
BRFS3,2014,2015,0.3242993586817425,89.0,3
ARTR3,2014,2015,0.3109889005747385,90.0,3
AEDU3,2014,2015,0.3003438501153037,91.0,3
QUAL3,2014,2015,0.2961222668756457,92.0,3
GETI4,2014,2015,0.2819670796014867,93.0,3
DAGB33,2014,2015,0.2803804941674109,94.0,3
MDIA3,2014,2015,0.2749294762362382,95.0,3
TGMA3,2014,2015,0.2716834170154451,96.0,3
HGTX3,2014,2015,0.2642722133353938,97.0,3
UGPA3,2014,2015,0.2622776576403687,98.0,3
VLID3,2014,2015,0.2615078140863788,99.0,3
LINX3,2014,2015,0.2513557247582244,100.0,3
EGIE3,2014,2015,0.244295344689284,101.0,3
ANIM3,2014,2015,0.2259758285989141,102.0,3
ECOR3,2014,2015,0.2246480442404444,103.0,3
CVCB3,2014,2015,0.2139014476034491,104.0,3
WEGE3,2014,2015,0.2029868640836504,105.0,3
YDUQ3,2014,2015,0.2026271183843292,106.0,3
RENT3,2014,2015,0.2011275431013904,107.0,3
CTIP3,2014,2015,0.2007397815790894,108.0,3
AZZA3,2014,2015,0.1905519776171429,109.0,3
COGN3,2014,2015,0.1870235867395811,110.0,3
LREN3,2014,2015,0.1757225150549747,111.0,3
SEER3,2014,2015,0.1750977663519988,112.0,3
TOTS3,2014,2015,0.1745462420976019,113.0,3
ABEV3,2014,2015,0.1652646742714474,114.0,3
GOLL54,2014,2015,0.1458458120271759,115.0,3
SAUD3,2014,2015,0.134761108556467,116.0,3
MOTV3,2014,2015,0.1219149640414248,117.0,3
BBSE3,2014,2015,0.1121091951156025,118.0,3
LAME4,2014,2015,0.0737562307987579,119.0,3
CRUZ3,2014,2015,0.0702198083104293,120.0,3
NATU3,2014,2015,0.0582842899908531,121.0,3
CIEL3,2014,2015,0.0489498101497762,122.0,3
MPLU3,2014,2015,0.0355478204353913,123.0,3
RSID3,2015,2016,14.67405913926298,1.0,1
AXIA6,2015,2016,6.530803964269665,2.0,1
GOAU4,2015,2016,5.141065717404153,3.0,1
PDGR3,2015,2016,4.8472009227050235,4.0,1
OIBR4,2015,2016,4.115473078277064,5.0,1
APER3,2015,2016,4.036920832132011,6.0,1
GFSA3,2015,2016,3.5223266841538297,7.0,1
CSMG3,2015,2016,3.4230824213333526,8.0,1
EVEN3,2015,2016,2.954717469988252,9.0,1
GGBR4,2015,2016,2.8982677990200747,10.0,1
TCSA3,2015,2016,2.6956128551983807,11.0,1
HBOR3,2015,2016,2.6162319948569146,12.0,1
BRAP4,2015,2016,2.6094532869935434,13.0,1
DIRR3,2015,2016,2.189951873823769,14.0,1
BRPR3,2015,2016,1.944986636699402,15.0,1
USIM5,2015,2016,1.8250173910224727,16.0,1
PETR4,2015,2016,1.7493491998330164,17.0,1
CPLE6,2015,2016,1.741070453296131,18.0,1
VALE5,2015,2016,1.7026778468635817,19.0,1
RAPT4,2015,2016,1.5743195609254248,20.0,1
CYRE3,2015,2016,1.5456964187337523,21.0,1
ENAT3,2015,2016,1.543160851784072,22.0,1
MYPK3,2015,2016,1.422727926369691,23.0,1
BRML3,2015,2016,1.3847015634127142,24.0,1
MRVE3,2015,2016,1.341118750641407,25.0,1
SLCE3,2015,2016,1.3311731863604472,26.0,1
PRML3,2015,2016,1.2298758156748983,27.0,1
RLOG3,2015,2016,1.2256219963984871,28.0,1
MGLU3,2015,2016,1.1807160983914209,29.0,1
CZLT33,2015,2016,1.1557463017772274,30.0,1
EZTC3,2015,2016,1.1427774477728465,31.0,1
BEMA3,2015,2016,1.092658078415736,32.0,1
LIGT3,2015,2016,1.0716164930246062,33.0,1
ENBR3,2015,2016,1.0488106051529584,34.0,1
RUMO3,2015,2016,0.993180540703916,35.0,1
TUPY3,2015,2016,0.9645857876336266,36.0,1
VIVT4,2015,2016,0.9612411184602806,37.0,2
DXCO3,2015,2016,0.9577032602603804,38.0,2
ELPL4,2015,2016,0.9543068166266584,39.0,2
CMIG4,2015,2016,0.9443368238279116,40.0,2
B3SA3,2015,2016,0.924952541577123,41.0,2
POMO4,2015,2016,0.8712123220442832,42.0,2
CSAN3,2015,2016,0.8554204309576721,43.0,2
RIAA3,2015,2016,0.8231414868105515,44.0,2
SULA11,2015,2016,0.8144282563735936,45.0,2
ISAE4,2015,2016,0.8118690483869562,46.0,2
ALSC3,2015,2016,0.7440160548883027,47.0,2
CSNA3,2015,2016,0.7376784871679858,48.0,2
ALUP11,2015,2016,0.7235617196914809,49.0,2
ARTR3,2015,2016,0.6900552682740789,50.0,2
ITSA4,2015,2016,0.6887733107017876,51.0,2
EMBJ3,2015,2016,0.6771882629762268,52.0,2
TIMS3,2015,2016,0.6683243420697904,53.0,2
VVAR11,2015,2016,0.6558456813170117,54.0,2
SMTO3,2015,2016,0.641174891707194,55.0,2
COGN3,2015,2016,0.6296870237991623,56.0,2
TAEE11,2015,2016,0.6223497961100233,57.0,2
FIBR3,2015,2016,0.61808543060318,58.0,2
IGTA3,2015,2016,0.5927394298364084,59.0,2
DAGB33,2015,2016,0.5865059741539387,60.0,2
AMER3,2015,2016,0.5679766802304941,61.0,2
FLRY3,2015,2016,0.5640267388839427,62.0,2
JBSS3,2015,2016,0.5563568297128162,63.0,2
PCAR4,2015,2016,0.5494952521849239,64.0,2
SUZB5,2015,2016,0.547723232325571,65.0,2
ALPA4,2015,2016,0.542718460719289,66.0,2
BRKM5,2015,2016,0.5411454307215026,67.0,2
HGTX3,2015,2016,0.5382306158739923,68.0,2
HYPE3,2015,2016,0.5368845649876366,69.0,2
LEVE3,2015,2016,0.4968606802988956,70.0,2
EQTL3,2015,2016,0.4927776409453985,71.0,2
SEDU3,2015,2016,0.485012866225095,72.0,2
GRND3,2015,2016,0.4752132977488092,73.0,3
PSSA3,2015,2016,0.4676299752377598,74.0,3
YDUQ3,2015,2016,0.4631119373069901,75.0,3
MULT3,2015,2016,0.4587271269589322,76.0,3
QUAL3,2015,2016,0.4384580539182571,77.0,3
SEER3,2015,2016,0.4156053227251273,78.0,3
CPFE3,2015,2016,0.3787402917505816,79.0,3
MDIA3,2015,2016,0.3785206129937405,80.0,3
KLBN11,2015,2016,0.3716410420841875,81.0,3
ECOR3,2015,2016,0.3583972263673646,82.0,3
ANIM3,2015,2016,0.352867786351508,83.0,3
LINX3,2015,2016,0.2876624532723825,84.0,3
RENT3,2015,2016,0.2826044623522034,85.0,3
EGIE3,2015,2016,0.2741124233640222,86.0,3
AZZA3,2015,2016,0.2706895363515016,87.0,3
BRFS3,2015,2016,0.2609768408655656,88.0,3
MBRF3,2015,2016,0.2460415528024059,89.0,3
GETI4,2015,2016,0.2415239685870462,90.0,3
VLID3,2015,2016,0.2413698595094847,91.0,3
UGPA3,2015,2016,0.2250437901513248,92.0,3
CVCB3,2015,2016,0.1930352405419561,93.0,3
CTIP3,2015,2016,0.1915011610630304,94.0,3
TOTS3,2015,2016,0.1863745153588115,95.0,3
WEGE3,2015,2016,0.1766201422567836,96.0,3
MOTV3,2015,2016,0.1490632531187628,97.0,3
ABEV3,2015,2016,0.1473908961677764,98.0,3
LREN3,2015,2016,0.1386905783778395,99.0,3
SAUD3,2015,2016,0.1109913723189657,100.0,3
BBSE3,2015,2016,0.1062237067029391,101.0,3
BEEF3,2015,2016,0.1032132251830148,102.0,3
LAME4,2015,2016,0.0896525713477331,103.0,3
NATU3,2015,2016,0.0791778368701192,104.0,3
CIEL3,2015,2016,0.0642967306639984,105.0,3
CRUZ3,2015,2016,0.0634640418727384,106.0,3
SMLS3,2015,2016,0.0562686249198796,107.0,3
WIZC3,2015,2016,0.0393651560707124,108.0,3
MPLU3,2015,2016,0.0391897114264342,109.0,3
OIBR4,2016,2017,8.555986996731468,1.0,1
PDGR3,2016,2017,6.456745871584399,2.0,1
GOAU4,2016,2017,5.451296453628875,3.0,1
GFSA3,2016,2017,4.021922551621989,4.0,1
TCSA3,2016,2017,3.81671469740634,5.0,1
USIM5,2016,2017,3.657546861297373,6.0,1
GGBR4,2016,2017,2.9893040118205203,7.0,1
AXIA3,2016,2017,2.7335760194563967,8.0,1
BRAP4,2016,2017,2.697223814880264,9.0,1
EVEN3,2016,2017,2.5832464391350585,10.0,1
CPLE6,2016,2017,2.3063547193666043,11.0,1
ENAT3,2016,2017,2.2634670805055106,12.0,1
BRPR3,2016,2017,2.139664954330244,13.0,1
DIRR3,2016,2017,2.1253251040549013,14.0,1
PETR4,2016,2017,1.9604664639830616,15.0,1
FESA4,2016,2017,1.9125772942111183,16.0,1
MEAL3,2016,2017,1.6491371049120171,17.0,1
CSMG3,2016,2017,1.6360015369983776,18.0,1
VALE5,2016,2017,1.6312526668253378,19.0,1
SLCE3,2016,2017,1.6248304589475644,20.0,1
LIGT3,2016,2017,1.567229795007279,21.0,1
PRML3,2016,2017,1.5656624894883422,22.0,1
ELPL4,2016,2017,1.53254522732043,23.0,1
CYRE3,2016,2017,1.5299336926888722,24.0,1
CMIG4,2016,2017,1.5184051017582934,25.0,1
RAPT4,2016,2017,1.4848624222595483,26.0,1
MYPK3,2016,2017,1.3833882634971912,27.0,1
TUPY3,2016,2017,1.3351992393583167,28.0,1
VVAR11,2016,2017,1.2522208653856035,29.0,1
AMER3,2016,2017,1.2498363741494554,30.0,1
BRML3,2016,2017,1.2180791793344912,31.0,1
FIBR3,2016,2017,1.1947354481582868,32.0,1
ENBR3,2016,2017,1.1871248551736786,33.0,1
RLOG3,2016,2017,1.1630005782577018,34.0,1
CZLT33,2016,2017,1.1048153307741448,35.0,1
MRVE3,2016,2017,1.0527095670213698,36.0,2
EZTC3,2016,2017,1.047217850367108,37.0,2
TIMS3,2016,2017,1.0132938961823437,38.0,2
VIVT4,2016,2017,0.9653428411865476,39.0,2
EMBJ3,2016,2017,0.9298935112624056,40.0,2
SULA11,2016,2017,0.9007172972482684,41.0,2
RUMO3,2016,2017,0.8995954826678424,42.0,2
SUZB5,2016,2017,0.8876640459071277,43.0,2
JBSS3,2016,2017,0.8484864536014506,44.0,2
POMO4,2016,2017,0.8475596612959769,45.0,2
ITSA4,2016,2017,0.8446529758892964,46.0,2
ALUP11,2016,2017,0.8388678995038469,47.0,2
PCAR4,2016,2017,0.8152512717998462,48.0,2
MGLU3,2016,2017,0.8115976101057837,49.0,2
ALSC3,2016,2017,0.796857717359418,50.0,2
PSSA3,2016,2017,0.7816022680852192,51.0,2
DXCO3,2016,2017,0.7746990698051891,52.0,2
TAEE11,2016,2017,0.649152978915275,53.0,2
CSAN3,2016,2017,0.6395906107674768,54.0,2
HYPE3,2016,2017,0.6144936291372873,55.0,2
COGN3,2016,2017,0.6098711433639388,56.0,2
ANIM3,2016,2017,0.5825742164044351,57.0,2
SEER3,2016,2017,0.5806237533605327,58.0,2
B3SA3,2016,2017,0.5755156938169007,59.0,2
ISAE4,2016,2017,0.575314904083521,60.0,2
CSNA3,2016,2017,0.569040417027371,61.0,2
IGTA3,2016,2017,0.5400306593152893,62.0,2
GRND3,2016,2017,0.538599624974585,63.0,2
VLID3,2016,2017,0.5353555967841682,64.0,2
MBRF3,2016,2017,0.5241778257449392,65.0,2
YDUQ3,2016,2017,0.5128551840186816,66.0,2
HGTX3,2016,2017,0.4925908765675311,67.0,2
SMTO3,2016,2017,0.4663953657088165,68.0,2
LEVE3,2016,2017,0.4619045075720152,69.0,2
DAGB33,2016,2017,0.4618135949761333,70.0,2
CGAS5,2016,2017,0.455449343814189,71.0,3
BRKM5,2016,2017,0.4170372389515038,72.0,3
KLBN11,2016,2017,0.4169581446290753,73.0,3
QUAL3,2016,2017,0.4129206962458397,74.0,3
FLRY3,2016,2017,0.4039387666264294,75.0,3
ALPA4,2016,2017,0.3951617568330668,76.0,3
EQTL3,2016,2017,0.3936436012150489,77.0,3
MULT3,2016,2017,0.3770980205478874,78.0,3
CPFE3,2016,2017,0.3722886779159891,79.0,3
BRFS3,2016,2017,0.3482976619482859,80.0,3
MDIA3,2016,2017,0.328902537875939,81.0,3
LINX3,2016,2017,0.3064451052643941,82.0,3
AESB3,2016,2017,0.2914155764464581,83.0,3
RENT3,2016,2017,0.2886680909331673,84.0,3
BEEF3,2016,2017,0.2785796022063582,85.0,3
EGIE3,2016,2017,0.2737977480163718,86.0,3
AZZA3,2016,2017,0.264666338667648,87.0,3
WEGE3,2016,2017,0.2569941208621157,88.0,3
TOTS3,2016,2017,0.2471197356415813,89.0,3
UGPA3,2016,2017,0.2168826508255457,90.0,3
CVCB3,2016,2017,0.178422759267937,91.0,3
CTIP3,2016,2017,0.1554458234796081,92.0,3
LREN3,2016,2017,0.151163632811741,93.0,3
ABEV3,2016,2017,0.1481360517230474,94.0,3
BBSE3,2016,2017,0.1422901824151215,95.0,3
RADL3,2016,2017,0.1319041121913373,96.0,3
MOTV3,2016,2017,0.1131728232370726,97.0,3
CIEL3,2016,2017,0.1032378683496794,98.0,3
SAUD3,2016,2017,0.0903560942998026,99.0,3
LAME4,2016,2017,0.0847852921474329,100.0,3
ECOR3,2016,2017,0.0827923390079126,101.0,3
SMLS3,2016,2017,0.0789826506877098,102.0,3
NATU3,2016,2017,0.0722289938555857,103.0,3
WIZC3,2016,2017,0.0573463133138444,104.0,3
MPLU3,2016,2017,0.0446145033687687,105.0,3
GFSA3,2017,2018,4.692767253055282,1.0,1
OIBR4,2017,2018,3.2058717141027224,2.0,1
RSID3,2017,2018,3.174039702896033,3.0,1
EVEN3,2017,2018,2.617518904298319,4.0,1
AXIA3,2017,2018,2.5690476316157573,5.0,1
CPLE6,2017,2018,2.545995865679104,6.0,1
JHSF3,2017,2018,2.1986718408707344,7.0,1
DIRR3,2017,2018,2.0469740225340445,8.0,1
TCSA3,2017,2018,2.012318843568155,9.0,1
GOAU4,2017,2018,1.958684427635855,10.0,1
HBOR3,2017,2018,1.956131096240902,11.0,1
ENAT3,2017,2018,1.841218337188493,12.0,1
USIM5,2017,2018,1.6063954778222478,13.0,1
FESA4,2017,2018,1.568603931171164,14.0,1
PETR4,2017,2018,1.5437424202353858,15.0,1
GGBR4,2017,2018,1.4332082726376874,16.0,1
CYRE3,2017,2018,1.4023499463097884,17.0,1
TEND3,2017,2018,1.3713756613756614,18.0,1
JBSS3,2017,2018,1.3393109598647588,19.0,1
BRPR3,2017,2018,1.3347348406138206,20.0,1
CMIG4,2017,2018,1.3066378331893909,21.0,1
SLCE3,2017,2018,1.2977259226324358,22.0,1
ELPL4,2017,2018,1.282148478934399,23.0,1
CSMG3,2017,2018,1.2128309096950805,24.0,1
BRAP4,2017,2018,1.2088057658999256,25.0,1
EMBJ3,2017,2018,1.17427743933767,26.0,1
CZLT33,2017,2018,1.1048213488368324,27.0,1
BRML3,2017,2018,1.0605563530791948,28.0,1
ISAE4,2017,2018,1.0494774146370869,29.0,1
MAGG3,2017,2018,1.0445901484891975,30.0,1
MYPK3,2017,2018,1.0356683729306757,31.0,1
STBP3,2017,2018,1.0187047997348095,32.0,1
RAPT4,2017,2018,0.9959403177741394,33.0,1
VIVT4,2017,2018,0.9678597412844872,34.0,1
AMAR3,2017,2018,0.9615466353776364,35.0,1
VLID3,2017,2018,0.9423322684424268,36.0,1
EZTC3,2017,2018,0.9409281165086436,37.0,1
SAPR4,2017,2018,0.9316460784468924,38.0,1
VALE5,2017,2018,0.921211652075967,39.0,1
ENBR3,2017,2018,0.9058513988265268,40.0,1
MRVE3,2017,2018,0.8894096947061877,41.0,2
TUPY3,2017,2018,0.8882189739081259,42.0,2
MEAL3,2017,2018,0.8744964481898553,43.0,2
DXCO3,2017,2018,0.8161970267904712,44.0,2
ALSC3,2017,2018,0.7953927189197746,45.0,2
POMO4,2017,2018,0.7875720032486025,46.0,2
SULA11,2017,2018,0.7640435428400928,47.0,2
AMER3,2017,2018,0.7580443327049907,48.0,2
ITSA4,2017,2018,0.7487899760288038,49.0,2
TIMS3,2017,2018,0.7404279596908578,50.0,2
FIBR3,2017,2018,0.7381300573587115,51.0,2
LIGT3,2017,2018,0.7246114675531363,52.0,2
PSSA3,2017,2018,0.7194738428704482,53.0,2
ALUP11,2017,2018,0.7061056738719649,54.0,2
SUZB5,2017,2018,0.6953260360600954,55.0,2
CSAN3,2017,2018,0.641395538690719,56.0,2
TPIS3,2017,2018,0.632149440317546,57.0,2
COGN3,2017,2018,0.6079296387333638,58.0,2
RIAA3,2017,2018,0.6070239369383144,59.0,2
RLOG3,2017,2018,0.6069681296499091,60.0,2
YDUQ3,2017,2018,0.6050986617300622,61.0,2
VVAR11,2017,2018,0.6018509935713025,62.0,2
B3SA3,2017,2018,0.6001707772856847,63.0,2
CSNA3,2017,2018,0.5953838082165668,64.0,2
MBRF3,2017,2018,0.5920066552504867,65.0,2
AALR3,2017,2018,0.5885599393370595,66.0,2
MOVI3,2017,2018,0.5874554700249405,67.0,2
PCAR4,2017,2018,0.5866408176193159,68.0,2
PTBL3,2017,2018,0.5663934145520831,69.0,2
TAEE11,2017,2018,0.5514619217639838,70.0,2
ANIM3,2017,2018,0.5328655227275626,71.0,2
LEVE3,2017,2018,0.5296132504711065,72.0,2
SMTO3,2017,2018,0.5212115238449568,73.0,2
IGTA3,2017,2018,0.4721661445331373,74.0,2
HYPE3,2017,2018,0.4467690354997249,75.0,2
RAIL3,2017,2018,0.442679864102978,76.0,2
TGMA3,2017,2018,0.4396694229008281,77.0,2
CGAS5,2017,2018,0.4394968406951078,78.0,2
KLBN11,2017,2018,0.4241910646052781,79.0,2
ENGI11,2017,2018,0.4213020584768505,80.0,3
LINX3,2017,2018,0.3953706198978536,81.0,3
MULT3,2017,2018,0.3925966453147438,82.0,3
EQTL3,2017,2018,0.3906425952449957,83.0,3
HGTX3,2017,2018,0.385332215692184,84.0,3
GRND3,2017,2018,0.3846999323971459,85.0,3
BRFS3,2017,2018,0.3627581165066095,86.0,3
SEER3,2017,2018,0.3581914971469735,87.0,3
ALPA4,2017,2018,0.3453812080663958,88.0,3
PMAM3,2017,2018,0.3390443112355685,89.0,3
EGIE3,2017,2018,0.322828196928067,90.0,3
CPFE3,2017,2018,0.3094898938368967,91.0,3
AESB3,2017,2018,0.3056550769290258,92.0,3
AZUL54,2017,2018,0.2957251706817313,93.0,3
MDIA3,2017,2018,0.2785663597144686,94.0,3
QUAL3,2017,2018,0.2736534162396884,95.0,3
TOTS3,2017,2018,0.2595071152439878,96.0,3
BRKM5,2017,2018,0.255462574742728,97.0,3
MOTV3,2017,2018,0.2502474954596051,98.0,3
RENT3,2017,2018,0.242582712330397,99.0,3
AZZA3,2017,2018,0.231129146658039,100.0,3
WEGE3,2017,2018,0.2223616211103902,101.0,3
UGPA3,2017,2018,0.2133221382584018,102.0,3
LAME4,2017,2018,0.2015618148752608,103.0,3
FLRY3,2017,2018,0.1951610189516366,104.0,3
ABEV3,2017,2018,0.1660969610253791,105.0,3
PARD3,2017,2018,0.1632421355077277,106.0,3
CIEL3,2017,2018,0.1601860966872856,107.0,3
BBSE3,2017,2018,0.1517916459058532,108.0,3
SAUD3,2017,2018,0.1477620377244963,109.0,3
LREN3,2017,2018,0.1448271985900153,110.0,3
MGLU3,2017,2018,0.1371650020003353,111.0,3
BEEF3,2017,2018,0.1299845126638125,112.0,3
RADL3,2017,2018,0.1296092472796927,113.0,3
CVCB3,2017,2018,0.1257750032274182,114.0,3
NATU3,2017,2018,0.1227413109397813,115.0,3
ECOR3,2017,2018,0.0989654675656664,116.0,3
SMLS3,2017,2018,0.0701654989674543,117.0,3
WIZC3,2017,2018,0.0422246109899205,118.0,3
MPLU3,2017,2018,0.0406292925743088,119.0,3
OIBR3,2018,2019,12.047947982804182,1.0,1
JHSF3,2018,2019,3.635036677663355,2.0,1
HBOR3,2018,2019,2.884175804013079,3.0,1
CPLE6,2018,2019,2.8313575600136893,4.0,1
AXIA3,2018,2019,2.670592834431048,5.0,1
NEXP3,2018,2019,2.5759545924593175,6.0,1
TCSA3,2018,2019,2.2886095276053364,7.0,1
EVEN3,2018,2019,2.107937829760698,8.0,1
GFSA3,2018,2019,1.9992210093556115,9.0,1
ROMI3,2018,2019,1.960862315715232,10.0,1
DIRR3,2018,2019,1.638861285856923,11.0,1
GOAU4,2018,2019,1.5813059146583173,12.0,1
BRPR3,2018,2019,1.5744864118423647,13.0,1
ENEV3,2018,2019,1.5038369898897683,14.0,1
LIGT3,2018,2019,1.4516164903716646,15.0,1
CMIG4,2018,2019,1.4290527131705677,16.0,1
MOVI3,2018,2019,1.3299470834336766,17.0,1
CYRE3,2018,2019,1.2881284096204038,18.0,1
BRML3,2018,2019,1.2147030076432772,19.0,1
USIM5,2018,2019,1.18046121277322,20.0,1
CSMG3,2018,2019,1.1784028685671262,21.0,1
PETR4,2018,2019,1.1715199678622208,22.0,1
GGBR4,2018,2019,1.1617900439980635,23.0,1
AMAR3,2018,2019,1.12383688739061,24.0,1
ISAE4,2018,2019,1.112166580470413,25.0,1
PRIO3,2018,2019,1.1057055019143136,26.0,1
SAPR11,2018,2019,1.0728509676730296,27.0,1
MRVE3,2018,2019,1.049964831890955,28.0,1
JBSS3,2018,2019,1.0367786022776508,29.0,1
COGN3,2018,2019,1.036666726421311,30.0,1
TEND3,2018,2019,0.9760854323875776,31.0,1
ENBR3,2018,2019,0.962575188385726,32.0,1
EZTC3,2018,2019,0.960174861659251,33.0,1
VIVT4,2018,2019,0.9500404176700238,34.0,1
FESA4,2018,2019,0.9354544004448608,35.0,1
SRNA3,2018,2019,0.9077689744073444,36.0,1
VLID3,2018,2019,0.9050592217194036,37.0,1
MYPK3,2018,2019,0.903277221370175,38.0,1
BRAP4,2018,2019,0.8963434098163875,39.0,1
ALUP11,2018,2019,0.8655809231219267,40.0,1
SULA11,2018,2019,0.845264432956942,41.0,1
EMBJ3,2018,2019,0.8442272118841202,42.0,1
TUPY3,2018,2019,0.8355163661526187,43.0,1
DXCO3,2018,2019,0.8329570966082872,44.0,1
ALSC3,2018,2019,0.8303355246814575,45.0,2
MEAL3,2018,2019,0.801128250914531,46.0,2
AALR3,2018,2019,0.7999179872509752,47.0,2
CZLT33,2018,2019,0.7912298540329025,48.0,2
ENAT3,2018,2019,0.7750153703358833,49.0,2
RAPT4,2018,2019,0.7705836557907391,50.0,2
PMAM3,2018,2019,0.7335827665503819,51.0,2
SEER3,2018,2019,0.7308127717046954,52.0,2
POMO4,2018,2019,0.7213420408259181,53.0,2
RIAA3,2018,2019,0.721319150569927,54.0,2
CAML3,2018,2019,0.7196401310080388,55.0,2
STBP3,2018,2019,0.7175583163102804,56.0,2
MAGG3,2018,2019,0.6452250459920073,57.0,2
ITSA4,2018,2019,0.644148213592729,58.0,2
CSNA3,2018,2019,0.6417554672829168,59.0,2
TAEE11,2018,2019,0.6416479977135161,60.0,2
CSAN3,2018,2019,0.6408953114289505,61.0,2
VALE3,2018,2019,0.6274336346111138,62.0,2
BRFS3,2018,2019,0.6175574390098161,63.0,2
PTBL3,2018,2019,0.6122396126408043,64.0,2
ANIM3,2018,2019,0.6063794042449558,65.0,2
SHOW3,2018,2019,0.6053660230634619,66.0,2
GBIO33,2018,2019,0.6045688367043444,67.0,2
B3SA3,2018,2019,0.5921784517207686,68.0,2
TIMS3,2018,2019,0.5782310021525376,69.0,2
LCAM3,2018,2019,0.5755358661563055,70.0,2
VULC3,2018,2019,0.5605474666978892,71.0,2
PSSA3,2018,2019,0.558168188732578,72.0,2
HGTX3,2018,2019,0.5465501325296137,73.0,2
SLCE3,2018,2019,0.5236554195439107,74.0,2
PCAR4,2018,2019,0.5181289135706143,75.0,2
SMTO3,2018,2019,0.5163871017696186,76.0,2
IGTA3,2018,2019,0.5118596073966205,77.0,2
RLOG3,2018,2019,0.492117965505683,78.0,2
MULT3,2018,2019,0.4662862687353866,79.0,2
HYPE3,2018,2019,0.4620127821223982,80.0,2
ZAMP3,2018,2019,0.4612814178082604,81.0,2
GRND3,2018,2019,0.4485587949856407,82.0,2
TGMA3,2018,2019,0.4480453850237802,83.0,2
CPFE3,2018,2019,0.4440867082757504,84.0,2
EQTL3,2018,2019,0.4407486463756953,85.0,2
MOTV3,2018,2019,0.4393594685555512,86.0,2
CRFB3,2018,2019,0.4174619321751479,87.0,2
QUAL3,2018,2019,0.417180601551835,88.0,2
MDIA3,2018,2019,0.4158988374110706,89.0,3
YDUQ3,2018,2019,0.413686768691509,90.0,3
AESB3,2018,2019,0.4111804264421492,91.0,3
AZUL54,2018,2019,0.3993886604169963,92.0,3
LINX3,2018,2019,0.3978970931599849,93.0,3
VBBR3,2018,2019,0.3914050455583271,94.0,3
ALPA4,2018,2019,0.3905168660561686,95.0,3
LEVE3,2018,2019,0.383105467933611,96.0,3
UNIP6,2018,2019,0.3756200309147661,97.0,3
FIBR3,2018,2019,0.3737044651403985,98.0,3
UGPA3,2018,2019,0.3700278793897508,99.0,3
VVAR11,2018,2019,0.3626422785833587,100.0,3
ENGI11,2018,2019,0.3523776797747803,101.0,3
RAIL3,2018,2019,0.3487888587788971,102.0,3
EGIE3,2018,2019,0.3259662510269079,103.0,3
AMER3,2018,2019,0.3023539124501639,104.0,3
TOTS3,2018,2019,0.2973362909704485,105.0,3
CGAS5,2018,2019,0.2955028104091506,106.0,3
CIEL3,2018,2019,0.2682301081575728,107.0,3
KLBN11,2018,2019,0.2517913015776205,108.0,3
PARD3,2018,2019,0.2453125292693684,109.0,3
IRBR3,2018,2019,0.2344020494417949,110.0,3
WEGE3,2018,2019,0.2178398415450662,111.0,3
SUZB3,2018,2019,0.2175944354513947,112.0,3
FLRY3,2018,2019,0.2025821924471621,113.0,3
LAME4,2018,2019,0.191573354174097,114.0,3
BBSE3,2018,2019,0.1897361169363507,115.0,3
ABEV3,2018,2019,0.1849045536584605,116.0,3
RENT3,2018,2019,0.1809021754219627,117.0,3
NATU3,2018,2019,0.172853944954192,118.0,3
GNDI3,2018,2019,0.1707876267453685,119.0,3
AZZA3,2018,2019,0.1677748576094857,120.0,3
HAPV3,2018,2019,0.1675502372580381,121.0,3
LREN3,2018,2019,0.1649481574419854,122.0,3
ECOR3,2018,2019,0.150523511258938,123.0,3
RADL3,2018,2019,0.1502308517142892,124.0,3
BRKM5,2018,2019,0.1455571922660544,125.0,3
SAUD3,2018,2019,0.1429741818808654,126.0,3
CVCB3,2018,2019,0.1419905627582851,127.0,3
MBRF3,2018,2019,0.1257365914782458,128.0,3
SMLS3,2018,2019,0.1209070722237345,129.0,3
WIZC3,2018,2019,0.1208692475933938,130.0,3
DMMO3,2018,2019,0.1082484867531154,131.0,3
MGLU3,2018,2019,0.0897182426471544,132.0,3
MPLU3,2018,2019,0.0415934718893351,133.0,3
OIBR3,2019,2020,2.690086175107924,1.0,1
LOGG3,2019,2020,1.547069437817137,2.0,1
JHSF3,2019,2020,1.4687901424306922,3.0,1
BRPR3,2019,2020,1.449934946474288,4.0,1
TCSA3,2019,2020,1.4206397234178223,5.0,1
GOAU4,2019,2020,1.3641239019750888,6.0,1
GFSA3,2019,2020,1.3576913608302086,7.0,1
AXIA3,2019,2020,1.3014672983232938,8.0,1
CPLE6,2019,2020,1.2936294504066153,9.0,1
USIM5,2019,2020,1.1926488144322662,10.0,1
HBOR3,2019,2020,1.151290948604087,11.0,1
GGBR4,2019,2020,1.087079899767205,12.0,1
ROMI3,2019,2020,1.0235807810988855,13.0,1
EMBJ3,2019,2020,1.0226479688598873,14.0,1
VLID3,2019,2020,0.998441648146099,15.0,1
GBIO33,2019,2020,0.9519612244935088,16.0,1
NEOE3,2019,2020,0.9463178468708316,17.0,1
EVEN3,2019,2020,0.9303721159285886,18.0,1
MYPK3,2019,2020,0.9163253512750256,19.0,1
BRML3,2019,2020,0.9159667522082572,20.0,1
LIGT3,2019,2020,0.9018984478487928,21.0,1
COGN3,2019,2020,0.8956416263147575,22.0,1
VIVT4,2019,2020,0.8823694226084617,23.0,1
BRAP4,2019,2020,0.8733732305758619,24.0,1
SLCE3,2019,2020,0.8700385983070685,25.0,1
FESA4,2019,2020,0.8543403619935936,26.0,1
ENEV3,2019,2020,0.8465531330394299,27.0,1
ENAT3,2019,2020,0.8191092118877102,28.0,1
PETR4,2019,2020,0.8054285622044828,29.0,1
ENBR3,2019,2020,0.7812886431951047,30.0,1
TIMS3,2019,2020,0.779422327797316,31.0,1
CAML3,2019,2020,0.7733636290512377,32.0,1
DIRR3,2019,2020,0.7715975516094445,33.0,1
CSMG3,2019,2020,0.7633318341256872,34.0,1
PMAM3,2019,2020,0.7626999900000047,35.0,1
MILS3,2019,2020,0.7540246970959676,36.0,1
AALR3,2019,2020,0.7459496376583954,37.0,1
CMIG4,2019,2020,0.7429319711986693,38.0,1
TUPY3,2019,2020,0.7322098346851598,39.0,1
MEAL3,2019,2020,0.7244683077468329,40.0,1
ISAE4,2019,2020,0.697213129537916,41.0,1
SAPR11,2019,2020,0.6932746291640676,42.0,1
CYRE3,2019,2020,0.6638214278353269,43.0,1
POMO4,2019,2020,0.6384504325784468,44.0,1
TRIS3,2019,2020,0.6361401042776311,45.0,2
IGTI3,2019,2020,0.6300045203577197,46.0,2
GUAR4,2019,2020,0.6152349321336883,47.0,2
RIAA3,2019,2020,0.6152349321336883,48.0,2
VALE3,2019,2020,0.6138877462500608,49.0,2
ALUP11,2019,2020,0.609199193399739,50.0,2
VULC3,2019,2020,0.6068082014386844,51.0,2
SRNA3,2019,2020,0.5886167445899283,52.0,2
DXCO3,2019,2020,0.5800111075473728,53.0,2
PRIO3,2019,2020,0.5781687313478857,54.0,2
AMAR3,2019,2020,0.5655356239487697,55.0,2
RAPT4,2019,2020,0.5596568452996201,56.0,2
PTBL3,2019,2020,0.5485227588628344,57.0,2
MRVE3,2019,2020,0.5418096253113942,58.0,2
TEND3,2019,2020,0.5418068445513308,59.0,2
EZTC3,2019,2020,0.5295581712062257,60.0,2
CSAN3,2019,2020,0.5292889108619211,61.0,2
ALSC3,2019,2020,0.5205003203721125,62.0,2
JBSS3,2019,2020,0.5062366643268035,63.0,2
TAEE11,2019,2020,0.5049527123691784,64.0,2
SMTO3,2019,2020,0.4980116748551955,65.0,2
GRND3,2019,2020,0.4875501076618395,66.0,2
SULA11,2019,2020,0.4857247560645074,67.0,2
ITSA4,2019,2020,0.4795245454623881,68.0,2
CSNA3,2019,2020,0.4785388007897807,69.0,2
STBP3,2019,2020,0.4635174570124563,70.0,2
ANIM3,2019,2020,0.4626994555431065,71.0,2
PSSA3,2019,2020,0.462631111220373,72.0,2
SUZB3,2019,2020,0.4583087464710791,73.0,2
HYPE3,2019,2020,0.4523511242573652,74.0,2
UGPA3,2019,2020,0.4439970596341852,75.0,2
MOVI3,2019,2020,0.4373164709718556,76.0,2
MDIA3,2019,2020,0.4293169607433386,77.0,2
CPFE3,2019,2020,0.4281401497010347,78.0,2
PCAR4,2019,2020,0.4246193864284063,79.0,2
SEER3,2019,2020,0.4145644310222013,80.0,2
LEVE3,2019,2020,0.4039380183680228,81.0,2
UNIP6,2019,2020,0.3848710145150051,82.0,2
QUAL3,2019,2020,0.3690120915886707,83.0,2
LCAM3,2019,2020,0.3687844320056981,84.0,2
IGTA3,2019,2020,0.3531450087241057,85.0,2
ZAMP3,2019,2020,0.3490062698040264,86.0,2
YDUQ3,2019,2020,0.3481406099130902,87.0,2
MULT3,2019,2020,0.3308267135047898,88.0,2
SIMH3,2019,2020,0.3302982850931276,89.0,3
B3SA3,2019,2020,0.3302763924768541,90.0,3
EQTL3,2019,2020,0.3285945120175229,91.0,3
KLBN11,2019,2020,0.3275728978384342,92.0,3
BRKM5,2019,2020,0.3196041250601388,93.0,3
SBFG3,2019,2020,0.3173992031966594,94.0,3
AESB3,2019,2020,0.3135461924308895,95.0,3
MOTV3,2019,2020,0.3011794210167722,96.0,3
BRFS3,2019,2020,0.3008422984765307,97.0,3
CRFB3,2019,2020,0.2955180535490896,98.0,3
ENGI11,2019,2020,0.2946949661386498,99.0,3
LINX3,2019,2020,0.2891733555808207,100.0,3
TOTS3,2019,2020,0.286871349671246,101.0,3
HGTX3,2019,2020,0.2856156377469465,102.0,3
VBBR3,2019,2020,0.2838111587982833,103.0,3
BHIA3,2019,2020,0.2820254043148591,104.0,3
TGMA3,2019,2020,0.2721089949712771,105.0,3
RLOG3,2019,2020,0.268999366127937,106.0,3
PARD3,2019,2020,0.2528761235344232,107.0,3
FLRY3,2019,2020,0.2522712184602757,108.0,3
RAIL3,2019,2020,0.2403637279171573,109.0,3
ABEV3,2019,2020,0.2190262611520352,110.0,3
AMER3,2019,2020,0.217736023035285,111.0,3
ALPA4,2019,2020,0.2174896085067026,112.0,3
MBRF3,2019,2020,0.2156239099532008,113.0,3
EGIE3,2019,2020,0.2027583789152498,114.0,3
LAME4,2019,2020,0.1949573756054354,115.0,3
SQIA3,2019,2020,0.1948433424866003,116.0,3
SMLS3,2019,2020,0.1940427353405828,117.0,3
WEGE3,2019,2020,0.1793261493659662,118.0,3
CVCB3,2019,2020,0.1784216247110442,119.0,3
RENT3,2019,2020,0.1747568335512969,120.0,3
AZZA3,2019,2020,0.1487631573111308,121.0,3
HAPV3,2019,2020,0.1474929171049367,122.0,3
RADL3,2019,2020,0.141598679116041,123.0,3
ECOR3,2019,2020,0.1314843412836387,124.0,3
IRBR3,2019,2020,0.1302266961715073,125.0,3
GNDI3,2019,2020,0.1197606650156575,126.0,3
NATU3,2019,2020,0.1106501299507781,127.0,3
SAUD3,2019,2020,0.1102941288162989,128.0,3
BBSE3,2019,2020,0.1101218556833107,129.0,3
LREN3,2019,2020,0.110100920539921,130.0,3
WIZC3,2019,2020,0.1062057580815554,131.0,3
MGLU3,2019,2020,0.0779579635184919,132.0,3
LPSB3,2019,2020,0.062722658992427,133.0,3
SGPS3,2020,2021,3.303228813559322,1.0,1
EMBJ3,2020,2021,2.6495565781862784,2.0,1
MYPK3,2020,2021,1.8264315660560508,3.0,1
BRPR3,2020,2021,1.658545607084123,4.0,1
GFSA3,2020,2021,1.638466447619605,5.0,1
MDNE3,2020,2021,1.5630435034984744,6.0,1
AXIA3,2020,2021,1.547613289646329,7.0,1
VSTE3,2020,2021,1.5435579330202438,8.0,1
VLID3,2020,2021,1.5266990201128587,9.0,1
SHOW3,2020,2021,1.4561133910081805,10.0,1
GOAU4,2020,2021,1.4538998517407988,11.0,1
PFRM3,2020,2021,1.4449641188410602,12.0,1
COGN3,2020,2021,1.4446908542916723,13.0,1
USIM5,2020,2021,1.426330029555418,14.0,1
LIGT3,2020,2021,1.3240852967387908,15.0,1
BRML3,2020,2021,1.2390907443578447,16.0,1
POSI3,2020,2021,1.200533831174866,17.0,1
CPLE6,2020,2021,1.167836016543396,18.0,1
GGBR4,2020,2021,1.166099740601928,19.0,1
MEAL3,2020,2021,1.1239362681699887,20.0,1
OIBR3,2020,2021,1.1232143172826576,21.0,1
CMIG4,2020,2021,1.0229857369777855,22.0,1
ENAT3,2020,2021,1.0127146461578425,23.0,1
ROMI3,2020,2021,0.9923795432934244,24.0,1
AALR3,2020,2021,0.96925765658522,25.0,1
CSMG3,2020,2021,0.9467856334609126,26.0,1
POMO4,2020,2021,0.91579368666427,27.0,1
ENBR3,2020,2021,0.9132801518962969,28.0,1
TCSA3,2020,2021,0.9067895371758828,29.0,1
AGRO3,2020,2021,0.90171442903314,30.0,1
BRAP4,2020,2021,0.8904481575483265,31.0,1
FESA4,2020,2021,0.8900783540732977,32.0,1
LOGG3,2020,2021,0.8870197717941594,33.0,1
ISAE4,2020,2021,0.8691392261563101,34.0,1
ALOS3,2020,2021,0.8675957770140088,35.0,1
NEOE3,2020,2021,0.8652694859817174,36.0,1
TUPY3,2020,2021,0.8617523051835726,37.0,1
VIVT4,2020,2021,0.8514919491920928,38.0,1
PETR4,2020,2021,0.8459279314888167,39.0,1
CEAB3,2020,2021,0.8112094413357095,40.0,1
MILS3,2020,2021,0.8091077913392855,41.0,1
VULC3,2020,2021,0.7993437045296216,42.0,1
GBIO33,2020,2021,0.7837258551673265,43.0,1
IGTI3,2020,2021,0.768362080725597,44.0,1
COCE5,2020,2021,0.7662931945147313,45.0,1
SYNE3,2020,2021,0.7611283435283775,46.0,1
EVEN3,2020,2021,0.7491638243142004,47.0,1
CESP6,2020,2021,0.726250977619456,48.0,1
JHSF3,2020,2021,0.7125179883238232,49.0,1
SEER3,2020,2021,0.7041545073464512,50.0,1
SMLS3,2020,2021,0.6909012607395674,51.0,2
SHUL4,2020,2021,0.6845095218726193,52.0,2
ALUP11,2020,2021,0.6737527745502181,53.0,2
SAPR11,2020,2021,0.6720485249191765,54.0,2
TIMS3,2020,2021,0.6647628728169125,55.0,2
PCAR3,2020,2021,0.6610499411078467,56.0,2
VALE3,2020,2021,0.6517328122580353,57.0,2
HGTX3,2020,2021,0.6500136265542403,58.0,2
SLCE3,2020,2021,0.6470412362004871,59.0,2
ANIM3,2020,2021,0.6416379187632602,60.0,2
JBSS3,2020,2021,0.6386571921095751,61.0,2
PTBL3,2020,2021,0.6367880403134424,62.0,2
HBOR3,2020,2021,0.6303232741200756,63.0,2
MRVE3,2020,2021,0.6299748684576666,64.0,2
ITSA4,2020,2021,0.6251093587585265,65.0,2
CAML3,2020,2021,0.6232087970323265,66.0,2
MTRE3,2020,2021,0.5998419088270773,67.0,2
ZAMP3,2020,2021,0.5975446154217483,68.0,2
PRNR3,2020,2021,0.5936977670631489,69.0,2
GRND3,2020,2021,0.5872953163431441,70.0,2
RAPT4,2020,2021,0.5667856205303241,71.0,2
LEVE3,2020,2021,0.5658024534482838,72.0,2
DIRR3,2020,2021,0.5570634877303412,73.0,2
MOVI3,2020,2021,0.556706521226491,74.0,2
RIAA3,2020,2021,0.5565498411723423,75.0,2
UNIP6,2020,2021,0.5558488504985216,76.0,2
TAEE11,2020,2021,0.5538442759755621,77.0,2
CYRE3,2020,2021,0.5530041218127371,78.0,2
PRIO3,2020,2021,0.5394077583817205,79.0,2
DXCO3,2020,2021,0.5320397581001249,80.0,2
AMAR3,2020,2021,0.5283822369715746,81.0,2
PSSA3,2020,2021,0.5233213525338374,82.0,2
IGTA3,2020,2021,0.5178762671674261,83.0,2
ENEV3,2020,2021,0.5088827365294188,84.0,2
KEPL3,2020,2021,0.4986186101586345,85.0,2
TRIS3,2020,2021,0.4963229326960053,86.0,2
MULT3,2020,2021,0.4800282643705695,87.0,2
NATU3,2020,2021,0.465754618433432,88.0,2
TEND3,2020,2021,0.4616702190473847,89.0,2
SMTO3,2020,2021,0.461300423509749,90.0,2
LCAM3,2020,2021,0.4605181163486342,91.0,2
UGPA3,2020,2021,0.4558213043098998,92.0,2
MDIA3,2020,2021,0.4541964536305701,93.0,2
EZTC3,2020,2021,0.4314530820443178,94.0,2
HYPE3,2020,2021,0.4302421851176514,95.0,2
SRNA3,2020,2021,0.4256948280237022,96.0,2
CPFE3,2020,2021,0.4154694201253719,97.0,2
BRFS3,2020,2021,0.3959085206393542,98.0,2
VBBR3,2020,2021,0.390866634137598,99.0,2
TGMA3,2020,2021,0.3844148862239459,100.0,2
CSAN3,2020,2021,0.3839837046010435,101.0,3
EQTL3,2020,2021,0.3829325700585852,102.0,3
SULA11,2020,2021,0.3820470805196312,103.0,3
LINX3,2020,2021,0.3782104108741929,104.0,3
CRFB3,2020,2021,0.371440493574507,105.0,3
ETER3,2020,2021,0.3652284762131896,106.0,3
STBP3,2020,2021,0.3600230747353912,107.0,3
ABEV3,2020,2021,0.3322882915611366,108.0,3
ENGI11,2020,2021,0.3300339858413769,109.0,3
SQIA3,2020,2021,0.3192905254043547,110.0,3
YDUQ3,2020,2021,0.3156717407998772,111.0,3
SIMH3,2020,2021,0.2956138063991128,112.0,3
IRBR3,2020,2021,0.2835414869494075,113.0,3
CSNA3,2020,2021,0.2817721252435351,114.0,3
MOTV3,2020,2021,0.2810982929327415,115.0,3
RLOG3,2020,2021,0.2740652426615705,116.0,3
PARD3,2020,2021,0.2491179531644162,117.0,3
SBFG3,2020,2021,0.2468872839739208,118.0,3
AESB3,2020,2021,0.2467126254526346,119.0,3
TIET4,2020,2021,0.2467126254526346,120.0,3
RAIL3,2020,2021,0.2421507390775872,121.0,3
B3SA3,2020,2021,0.2269039925767392,122.0,3
VIVA3,2020,2021,0.2170402251004292,123.0,3
EGIE3,2020,2021,0.2163670945504791,124.0,3
BHIA3,2020,2021,0.206577889489296,125.0,3
LPSB3,2020,2021,0.2048095740010797,126.0,3
QUAL3,2020,2021,0.1995344548878043,127.0,3
FLRY3,2020,2021,0.1989073669862638,128.0,3
TOTS3,2020,2021,0.1915323939127042,129.0,3
ALPA4,2020,2021,0.1828597774322474,130.0,3
RENT3,2020,2021,0.1777054204770791,131.0,3
HAPV3,2020,2021,0.1667557184890848,132.0,3
GNDI3,2020,2021,0.1651903721051215,133.0,3
LREN3,2020,2021,0.1638091696498907,134.0,3
SAUD3,2020,2021,0.161307865282419,135.0,3
WIZC3,2020,2021,0.1599707642080823,136.0,3
AZZA3,2020,2021,0.1535541651229258,137.0,3
PNVL3,2020,2021,0.1340802033480391,138.0,3
LOGN3,2020,2021,0.1330858042101316,139.0,3
BEEF3,2020,2021,0.1318829041980293,140.0,3
KLBN11,2020,2021,0.1247916018458448,141.0,3
LWSA3,2020,2021,0.1192296606233969,142.0,3
RADL3,2020,2021,0.1113614489620562,143.0,3
LAME4,2020,2021,0.1091796137109263,144.0,3
AMER3,2020,2021,0.0994484856942743,145.0,3
BBSE3,2020,2021,0.0982475687631862,146.0,3
WEGE3,2020,2021,0.0976060698717738,147.0,3
ECOR3,2020,2021,0.0850209109658922,148.0,3
MGLU3,2020,2021,0.0640990333937876,149.0,3
SUZB3,2020,2021,0.0501922907883068,150.0,3
MBRF3,2020,2021,0.0418153087602427,151.0,3
BRPR3,2021,2022,1.647265017639837,1.0,1
COGN3,2021,2022,1.612072907615581,2.0,1
LIGT3,2021,2022,1.4746395004098425,3.0,1
MYPK3,2021,2022,1.4735992282633086,4.0,1
TPIS3,2021,2022,1.405440456151242,5.0,1
PFRM3,2021,2022,1.3177183578849778,6.0,1
TECN3,2021,2022,1.315189002471211,7.0,1
VLID3,2021,2022,1.2722417089129825,8.0,1
CPLE6,2021,2022,1.2642318378060162,9.0,1
BRML3,2021,2022,1.249720480694845,10.0,1
MDNE3,2021,2022,1.2231525449396423,11.0,1
PCAR3,2021,2022,1.220299072721705,12.0,1
GFSA3,2021,2022,1.220037945768692,13.0,1
HBOR3,2021,2022,1.1791468919089811,14.0,1
SAPR11,2021,2022,1.1656381451368931,15.0,1
CSMG3,2021,2022,1.1577963990409972,16.0,1
TCSA3,2021,2022,1.1199393139209164,17.0,1
AXIA3,2021,2022,1.1105508694921804,18.0,1
NEOE3,2021,2022,1.0658021105333926,19.0,1
ENBR3,2021,2022,1.0212396445060037,20.0,1
EMBJ3,2021,2022,1.001070388714207,21.0,1
MEAL3,2021,2022,1.0008262236386356,22.0,1
LOGG3,2021,2022,1.0005444864693114,23.0,1
VIVT3,2021,2022,0.9717691542173824,24.0,1
MELK3,2021,2022,0.9263177729769844,25.0,1
GOAU4,2021,2022,0.914261560316022,26.0,1
PETR4,2021,2022,0.9122727711389292,27.0,1
G2DI33,2021,2022,0.9110507988259128,28.0,1
CMIG4,2021,2022,0.9051856600649038,29.0,1
SYNE3,2021,2022,0.9035281521743678,30.0,1
AALR3,2021,2022,0.871458108918523,31.0,1
POMO4,2021,2022,0.8662863563987828,32.0,1
ALOS3,2021,2022,0.8612546033333403,33.0,1
JHSF3,2021,2022,0.8543670597584104,34.0,1
CESP6,2021,2022,0.8528307852742365,35.0,1
TIMS3,2021,2022,0.8522078962467294,36.0,1
USIM5,2021,2022,0.8307532259619527,37.0,1
ALUP11,2021,2022,0.8290699963049903,38.0,1
EVEN3,2021,2022,0.8120852913642488,39.0,1
ISAE4,2021,2022,0.7788265563121337,40.0,1
MTRE3,2021,2022,0.7784169498154462,41.0,1
CAML3,2021,2022,0.7750163725063679,42.0,1
GGBR4,2021,2022,0.7464664724826747,43.0,1
LAVV3,2021,2022,0.7435852450640221,44.0,1
MRVE3,2021,2022,0.7355639167841196,45.0,1
AGRO3,2021,2022,0.7334606078116651,46.0,1
TUPY3,2021,2022,0.7322915324071178,47.0,1
ENAT3,2021,2022,0.7018674751924542,48.0,1
TRIS3,2021,2022,0.6765392134686339,49.0,1
CYRE3,2021,2022,0.664363625070002,50.0,1
ITSA4,2021,2022,0.6466669816653292,51.0,1
OIBR3,2021,2022,0.6442660862665078,52.0,1
POSI3,2021,2022,0.6346051633159602,53.0,1
POWE3,2021,2022,0.620143903713447,54.0,1
TEND3,2021,2022,0.6183578886552086,55.0,1
LUPA3,2021,2022,0.6168743032089218,56.0,1
IGTI3,2021,2022,0.6126768322103673,57.0,1
SEER3,2021,2022,0.6078826167062998,58.0,1
EZTC3,2021,2022,0.6065464735760702,59.0,1
MDIA3,2021,2022,0.6010899302389964,60.0,1
CEAB3,2021,2022,0.5850812131335575,61.0,1
IRBR3,2021,2022,0.5814960771932217,62.0,1
DIRR3,2021,2022,0.5754019075420331,63.0,1
JBSS3,2021,2022,0.573411505521773,64.0,1
PRNR3,2021,2022,0.5680835147854129,65.0,1
SULA11,2021,2022,0.5592815789308436,66.0,1
BRAP4,2021,2022,0.5462495468620242,67.0,2
PSSA3,2021,2022,0.5455984757479583,68.0,2
RAPT4,2021,2022,0.5202022395240389,69.0,2
VULC3,2021,2022,0.5152726539799242,70.0,2
MILS3,2021,2022,0.5069125976220115,71.0,2
TAEE11,2021,2022,0.4997588490871872,72.0,2
OPCT3,2021,2022,0.4972421603664015,73.0,2
CPFE3,2021,2022,0.4867832656151936,74.0,2
IGTA3,2021,2022,0.4845223827318027,75.0,2
ZAMP3,2021,2022,0.4842526378049624,76.0,2
UGPA3,2021,2022,0.4820007688789067,77.0,2
FESA4,2021,2022,0.4809259346433415,78.0,2
ROMI3,2021,2022,0.4791399431865485,79.0,2
RIAA3,2021,2022,0.4773386293809328,80.0,2
BMOB3,2021,2022,0.4759505273376341,81.0,2
SRNA3,2021,2022,0.4704781415829971,82.0,2
ANIM3,2021,2022,0.4659948269656053,83.0,2
MULT3,2021,2022,0.457672649729191,84.0,2
HYPE3,2021,2022,0.4401609867971933,85.0,2
MOVI3,2021,2022,0.4361727389377673,86.0,2
RAIL3,2021,2022,0.4355076614480135,87.0,2
PORT3,2021,2022,0.4340371616912469,88.0,2
EQTL3,2021,2022,0.4339500061244088,89.0,2
GRND3,2021,2022,0.4313613208437116,90.0,2
ALLD3,2021,2022,0.4298380151066238,91.0,2
AMER3,2021,2022,0.4238752719432755,92.0,2
JALL3,2021,2022,0.415677066776575,93.0,2
TGMA3,2021,2022,0.4090869345503938,94.0,2
SHOW3,2021,2022,0.4074435475341358,95.0,2
WEST3,2021,2022,0.4001271845567414,96.0,2
APER3,2021,2022,0.3934672316520988,97.0,2
ENGI11,2021,2022,0.3923178496679291,98.0,2
CRFB3,2021,2022,0.3905146265323101,99.0,2
RECV3,2021,2022,0.3855113670974906,100.0,2
SLCE3,2021,2022,0.3835590826502775,101.0,2
KEPL3,2021,2022,0.381901377891439,102.0,2
ENEV3,2021,2022,0.3817220341072496,103.0,2
VBBR3,2021,2022,0.3788341880561865,104.0,2
BRFS3,2021,2022,0.3773560421142381,105.0,2
JSLG3,2021,2022,0.3769876621356159,106.0,2
FRAS3,2021,2022,0.3741062071388052,107.0,2
RANI3,2021,2022,0.3703017744470357,108.0,2
LEVE3,2021,2022,0.3670943088884462,109.0,2
VALE3,2021,2022,0.3653448453393115,110.0,2
AMAR3,2021,2022,0.3632212922036976,111.0,2
CSNA3,2021,2022,0.3577046587295518,112.0,2
SMTO3,2021,2022,0.3575972862366288,113.0,2
TOKY3,2021,2022,0.3573764211872504,114.0,2
NGRD3,2021,2022,0.3459661464173004,115.0,2
DXCO3,2021,2022,0.3456365161060045,116.0,2
GMAT3,2021,2022,0.3421764106053779,117.0,2
NATU3,2021,2022,0.3370832572635207,118.0,2
PRIO3,2021,2022,0.3314630807093937,119.0,2
YDUQ3,2021,2022,0.3290123996528702,120.0,2
LCAM3,2021,2022,0.3286363459491928,121.0,2
BOAS3,2021,2022,0.3248728843683411,122.0,2
AESB3,2021,2022,0.3239444580452883,123.0,2
TIET4,2021,2022,0.3239444580452883,124.0,2
PNVL3,2021,2022,0.3214229734885351,125.0,2
MBRF3,2021,2022,0.3195886590652305,126.0,2
PARD3,2021,2022,0.3068849394062261,127.0,2
DEXP3,2021,2022,0.3045890958541765,128.0,2
HBSA3,2021,2022,0.3036099907325699,129.0,2
BRAV3,2021,2022,0.3030126380492741,130.0,2
CMIN3,2021,2022,0.3024644655899089,131.0,2
MOTV3,2021,2022,0.3020790331573478,132.0,2
ELMD3,2021,2022,0.2997404355139584,133.0,3
HGTX3,2021,2022,0.2983871059161616,134.0,3
ABEV3,2021,2022,0.2936708805692198,135.0,3
ETER3,2021,2022,0.2902357750934035,136.0,3
AURA33,2021,2022,0.2899089433241551,137.0,3
MOSI3,2021,2022,0.2853289002031053,138.0,3
STBP3,2021,2022,0.281633913495349,139.0,3
CXSE3,2021,2022,0.266178143330783,140.0,3
LPSB3,2021,2022,0.2642150921901555,141.0,3
SQIA3,2021,2022,0.255663811710755,142.0,3
EGIE3,2021,2022,0.2556591119581201,143.0,3
BHIA3,2021,2022,0.2500646113262758,144.0,3
CSED3,2021,2022,0.2462602859314291,145.0,3
SMLS3,2021,2022,0.2443864668957288,146.0,3
ECOR3,2021,2022,0.2383426052642547,147.0,3
LREN3,2021,2022,0.23582141794311,148.0,3
SIMH3,2021,2022,0.2355625102308855,149.0,3
NEXP3,2021,2022,0.2306482040628482,150.0,3
CSAN3,2021,2022,0.2306233677967191,151.0,3
ENJU3,2021,2022,0.2294563642402346,152.0,3
PLPL3,2021,2022,0.226496161679461,153.0,3
SOMA3,2021,2022,0.2259673400036269,154.0,3
B3SA3,2021,2022,0.2221612444499971,155.0,3
AMBP3,2021,2022,0.2206042078965041,156.0,3
FLRY3,2021,2022,0.2142469025382714,157.0,3
UNIP6,2021,2022,0.2091493463388364,158.0,3
QUAL3,2021,2022,0.2058432828421195,159.0,3
SBFG3,2021,2022,0.2050016758767514,160.0,3
LOGN3,2021,2022,0.2019015761582122,161.0,3
INTB3,2021,2022,0.193062356225647,162.0,3
LWSA3,2021,2022,0.1866823063097199,163.0,3
BRKM5,2021,2022,0.184851998915303,164.0,3
CURY3,2021,2022,0.1810936954016565,165.0,3
SUZB3,2021,2022,0.1795407795542172,166.0,3
ORVR3,2021,2022,0.1786243607139129,167.0,3
KLBN11,2021,2022,0.17818623398863,168.0,3
HAPV3,2021,2022,0.1777881450862481,169.0,3
GGPS3,2021,2022,0.174680227956443,170.0,3
BLAU3,2021,2022,0.1740763620496626,171.0,3
LAME4,2021,2022,0.1630459115623516,172.0,3
IFCM3,2021,2022,0.1617470372232903,173.0,3
VIVA3,2021,2022,0.1617031763042718,174.0,3
SAUD3,2021,2022,0.159339434874206,175.0,3
PTBL3,2021,2022,0.1564024879322513,176.0,3
SEQL3,2021,2022,0.1542082729579758,177.0,3
TASA4,2021,2022,0.1534014277776507,178.0,3
AZZA3,2021,2022,0.1528371418456907,179.0,3
ESPA3,2021,2022,0.1512129439304037,180.0,3
BBSE3,2021,2022,0.1495334299822573,181.0,3
WIZC3,2021,2022,0.1470207147875463,182.0,3
RENT3,2021,2022,0.1425715816241066,183.0,3
GNDI3,2021,2022,0.1378817285512188,184.0,3
AERI3,2021,2022,0.1324843482295196,185.0,3
TOTS3,2021,2022,0.1271616985433623,186.0,3
VAMO3,2021,2022,0.1199252547358961,187.0,3
LJQQ3,2021,2022,0.1194304884674676,188.0,3
ALPA4,2021,2022,0.1176750298723039,189.0,3
RDOR3,2021,2022,0.1166011830453666,190.0,3
RADL3,2021,2022,0.1144183961617087,191.0,3
TFCO4,2021,2022,0.0898903433122501,192.0,3
BEEF3,2021,2022,0.0857153426685193,193.0,3
WEGE3,2021,2022,0.0846544574891414,194.0,3
SHUL4,2021,2022,0.0832099750037464,195.0,3
ASAI3,2021,2022,0.0823798278652998,196.0,3
CASH3,2021,2022,0.0564158576563165,197.0,3
MGLU3,2021,2022,0.0532299911446729,198.0,3
CVCB3,2021,2022,0.0276691638845423,199.0,3
GFSA3,2022,2023,4.951237206390042,1.0,1
HBOR3,2022,2023,4.244954557101301,2.0,1
CEAB3,2022,2023,4.025189141756198,3.0,1
LIGT3,2022,2023,3.969592268067412,4.0,1
PCAR3,2022,2023,3.2427479676692417,5.0,1
COGN3,2022,2023,3.1440175952664493,6.0,1
TEND3,2022,2023,2.762635725303606,7.0,1
MDNE3,2022,2023,2.636634475559632,8.0,1
SYNE3,2022,2023,2.4660312757054355,9.0,1
TOKY3,2022,2023,2.3729726178726005,10.0,1
MEAL3,2022,2023,2.3034695111321737,11.0,1
USIM5,2022,2023,2.3009857973079826,12.0,1
MTRE3,2022,2023,2.249318467652768,13.0,1
EVEN3,2022,2023,2.1223872380665343,14.0,1
OPCT3,2022,2023,2.0496565899891315,15.0,1
TRIS3,2022,2023,1.9972034700571737,16.0,1
TECN3,2022,2023,1.972141758928643,17.0,1
ENJU3,2022,2023,1.9271072360146029,18.0,1
LOGG3,2022,2023,1.9209599339415735,19.0,1
BHIA3,2022,2023,1.8547357511466864,20.0,1
ANIM3,2022,2023,1.8247555568617275,21.0,1
AMAR3,2022,2023,1.814459943675003,22.0,1
BRML3,2022,2023,1.7701457586953662,23.0,1
SEER3,2022,2023,1.7388568052687892,24.0,1
BRIT3,2022,2023,1.7082757586475843,25.0,1
MYPK3,2022,2023,1.6972460466675463,26.0,1
POSI3,2022,2023,1.645201500992398,27.0,1
MELK3,2022,2023,1.6334883147002863,28.0,1
VLID3,2022,2023,1.6288934640522676,29.0,1
GOAU4,2022,2023,1.6232061005361478,30.0,1
MRVE3,2022,2023,1.6225410659985462,31.0,1
CSMG3,2022,2023,1.6072794427697823,32.0,1
EMBJ3,2022,2023,1.5781016160117018,33.0,1
ALOS3,2022,2023,1.576947218802033,34.0,1
RIAA3,2022,2023,1.525536574871778,35.0,1
SAPR11,2022,2023,1.4494781825705858,36.0,1
WDCN3,2022,2023,1.4479847753967303,37.0,1
CYRE3,2022,2023,1.4330190454501406,38.0,1
NEOE3,2022,2023,1.4064170297267349,39.0,1
EZTC3,2022,2023,1.3909797050475656,40.0,1
LUPA3,2022,2023,1.3887015926647357,41.0,1
ESPA3,2022,2023,1.3618368945468675,42.0,1
POMO4,2022,2023,1.3553313150036186,43.0,1
BRPR3,2022,2023,1.3531251367571806,44.0,1
GGBR4,2022,2023,1.3415929235663882,45.0,1
NATU3,2022,2023,1.317022390982416,46.0,1
DESK3,2022,2023,1.3038142534191572,47.0,1
MLAS3,2022,2023,1.3020930139787628,48.0,1
LAVV3,2022,2023,1.2979159329540966,49.0,1
CSED3,2022,2023,1.2976127014396837,50.0,1
IRBR3,2022,2023,1.2806728097868465,51.0,1
HAPV3,2022,2023,1.257629160434809,52.0,1
AMER3,2022,2023,1.2514953503767714,53.0,1
JHSF3,2022,2023,1.2201613065162682,54.0,1
IGTI11,2022,2023,1.205423845888565,55.0,1
CPLE6,2022,2023,1.128357252321055,56.0,1
ROMI3,2022,2023,1.1034900056211367,57.0,1
ETER3,2022,2023,1.0910480130302234,58.0,1
NGRD3,2022,2023,1.0898383882158005,59.0,1
PETR4,2022,2023,1.06982754683503,60.0,1
AXIA3,2022,2023,1.0500793015330976,61.0,1
CIEL3,2022,2023,1.046978280891731,62.0,1
CSNA3,2022,2023,1.038612780682674,63.0,1
CLSA3,2022,2023,1.0236188620453377,64.0,1
SOMA3,2022,2023,1.0117347607255691,65.0,1
ZAMP3,2022,2023,0.9910436359270532,66.0,1
BMOB3,2022,2023,0.9811885290289216,67.0,1
ENBR3,2022,2023,0.966331624734542,68.0,2
ALUP11,2022,2023,0.9410772549664002,69.0,2
IFCM3,2022,2023,0.9365911785839182,70.0,2
AURE3,2022,2023,0.9348165932452276,71.0,2
SULA11,2022,2023,0.9328250095352022,72.0,2
JSLG3,2022,2023,0.9279367710844804,73.0,2
RAPT4,2022,2023,0.9230561334706356,74.0,2
AGRO3,2022,2023,0.9195964851980658,75.0,2
GMAT3,2022,2023,0.9187803873072086,76.0,2
PLPL3,2022,2023,0.9158718189277164,77.0,2
TUPY3,2022,2023,0.9121318736821332,78.0,2
ISAE4,2022,2023,0.9083901083133618,79.0,2
ITSA4,2022,2023,0.8984117078737195,80.0,2
LWSA3,2022,2023,0.8966594476117865,81.0,2
DIRR3,2022,2023,0.8888478452119232,82.0,2
MBRF3,2022,2023,0.8738044253230536,83.0,2
GETT11,2022,2023,0.8725540736777194,84.0,2
DASA3,2022,2023,0.8718833639000176,85.0,2
VIVT3,2022,2023,0.8652922151131736,86.0,2
ENAT3,2022,2023,0.8475000950819266,87.0,2
CASH3,2022,2023,0.8457061203280785,88.0,2
BRFS3,2022,2023,0.831926302084118,89.0,2
PSSA3,2022,2023,0.8306632966232151,90.0,2
TIMS3,2022,2023,0.8208332945739265,91.0,2
MILS3,2022,2023,0.8185544878931652,92.0,2
YDUQ3,2022,2023,0.813642992724046,93.0,2
FIQE3,2022,2023,0.8098146563354209,94.0,2
BRAP4,2022,2023,0.8076150550378508,95.0,2
UGPA3,2022,2023,0.8072270109560685,96.0,2
ONCO3,2022,2023,0.7975013743931937,97.0,2
CAML3,2022,2023,0.7940409588960315,98.0,2
DXCO3,2022,2023,0.7919136964186949,99.0,2
CBAV3,2022,2023,0.7897516581151537,100.0,2
HBSA3,2022,2023,0.787720170688551,101.0,2
TGMA3,2022,2023,0.7827075610934197,102.0,2
DEXP3,2022,2023,0.7737499689354612,103.0,2
CMIG4,2022,2023,0.7725507507436147,104.0,2
BOAS3,2022,2023,0.7622069883458598,105.0,2
PNVL3,2022,2023,0.7573345483730025,106.0,2
MDIA3,2022,2023,0.7458090370392011,107.0,2
SEQL3,2022,2023,0.7146796038070666,108.0,2
VBBR3,2022,2023,0.701393872684105,109.0,2
MGLU3,2022,2023,0.7002165508742056,110.0,2
FESA4,2022,2023,0.7000922757788764,111.0,2
SMFT3,2022,2023,0.698480641321973,112.0,2
FRAS3,2022,2023,0.6706328230426305,113.0,2
JALL3,2022,2023,0.6683696094949731,114.0,2
AURA33,2022,2023,0.6594555157966012,115.0,2
PORT3,2022,2023,0.6590505287457752,116.0,2
GRND3,2022,2023,0.6499505460941974,117.0,2
SHUL4,2022,2023,0.6353180384997311,118.0,2
EQTL3,2022,2023,0.6288938362477672,119.0,2
RANI3,2022,2023,0.6251174226719541,120.0,2
AESB3,2022,2023,0.6241396020793857,121.0,2
JBSS3,2022,2023,0.6124690114282372,122.0,2
TTEN3,2022,2023,0.6096415789028209,123.0,2
SRNA3,2022,2023,0.605693302595043,124.0,2
MOVI3,2022,2023,0.605396934159467,125.0,2
FHER3,2022,2023,0.6048275016833214,126.0,2
CMIN3,2022,2023,0.6019559086173683,127.0,2
VULC3,2022,2023,0.6017168987144553,128.0,2
ENEV3,2022,2023,0.5835077309839464,129.0,2
SQIA3,2022,2023,0.5807204786887827,130.0,2
MATD3,2022,2023,0.5743553673756272,131.0,2
VVEO3,2022,2023,0.57422206791774,132.0,2
ENGI11,2022,2023,0.5732280255889379,133.0,2
CRFB3,2022,2023,0.5686610081450427,134.0,2
BRAV3,2022,2023,0.5448518571485503,135.0,3
ECOR3,2022,2023,0.535995894316014,136.0,3
TAEE11,2022,2023,0.5350117446814522,137.0,3
SOJA3,2022,2023,0.5296176258642009,138.0,3
VALE3,2022,2023,0.5290107725030467,139.0,3
SLCE3,2022,2023,0.5277896226041436,140.0,3
CXSE3,2022,2023,0.524966378066378,141.0,3
PTBL3,2022,2023,0.5055408337973799,142.0,3
MULT3,2022,2023,0.5032335413004698,143.0,3
ELMD3,2022,2023,0.5008406297306159,144.0,3
RAIL3,2022,2023,0.498577051020682,145.0,3
AALR3,2022,2023,0.4983690171764697,146.0,3
LEVE3,2022,2023,0.4967272249316811,147.0,3
SBFG3,2022,2023,0.4945483615446067,148.0,3
LJQQ3,2022,2023,0.4925544680217282,149.0,3
TASA4,2022,2023,0.4807312951394419,150.0,3
RAIZ4,2022,2023,0.4712321961855424,151.0,3
ALPA4,2022,2023,0.4655460688246036,152.0,3
MOTV3,2022,2023,0.461951418634981,153.0,3
CSAN3,2022,2023,0.460964795574758,154.0,3
AERI3,2022,2023,0.4530807872850578,155.0,3
QUAL3,2022,2023,0.4501336625708811,156.0,3
LREN3,2022,2023,0.4404307561147282,157.0,3
PRIO3,2022,2023,0.4402951847358877,158.0,3
TRAD3,2022,2023,0.4402267899812193,159.0,3
RECV3,2022,2023,0.4295904118824437,160.0,3
SMTO3,2022,2023,0.4277393450854468,161.0,3
HYPE3,2022,2023,0.424015470236302,162.0,3
KEPL3,2022,2023,0.4226274026510699,163.0,3
STBP3,2022,2023,0.4183600554404786,164.0,3
LCAM3,2022,2023,0.4127031058683781,165.0,3
AMBP3,2022,2023,0.4105911573673516,166.0,3
ABEV3,2022,2023,0.4089508684698983,167.0,3
CPFE3,2022,2023,0.3936523165284816,168.0,3
AUAU3,2022,2023,0.393261658211847,169.0,3
BLAU3,2022,2023,0.3841369367736517,170.0,3
PARD3,2022,2023,0.372167319863022,171.0,3
VITT3,2022,2023,0.3674601939765962,172.0,3
CURY3,2022,2023,0.3637156324749534,173.0,3
SUZB3,2022,2023,0.3622002023543813,174.0,3
KLBN11,2022,2023,0.3551888450228395,175.0,3
FLRY3,2022,2023,0.3514918621089383,176.0,3
UNIP6,2022,2023,0.3503267310767973,177.0,3
SIMH3,2022,2023,0.3427556860382526,178.0,3
GGPS3,2022,2023,0.3418337754562343,179.0,3
AZZA3,2022,2023,0.3263914693174701,180.0,3
B3SA3,2022,2023,0.3187988718381407,181.0,3
BRKM5,2022,2023,0.3179839181530397,182.0,3
TOTS3,2022,2023,0.3074444451161495,183.0,3
WIZC3,2022,2023,0.3033292926389286,184.0,3
VIVA3,2022,2023,0.2930752221985098,185.0,3
ARML3,2022,2023,0.2670572949974799,186.0,3
CVCB3,2022,2023,0.2539321023619858,187.0,3
VAMO3,2022,2023,0.2538180394849081,188.0,3
INTB3,2022,2023,0.2535960957541752,189.0,3
RDOR3,2022,2023,0.2367322223126271,190.0,3
EGIE3,2022,2023,0.2351312642776127,191.0,3
OIBR3,2022,2023,0.2258915463166743,192.0,3
SAUD3,2022,2023,0.2235385543254896,193.0,3
ORVR3,2022,2023,0.2170124957010203,194.0,3
TFCO4,2022,2023,0.2146022519817864,195.0,3
RENT3,2022,2023,0.2125794582791817,196.0,3
LOGN3,2022,2023,0.1733454269175363,197.0,3
RADL3,2022,2023,0.1584923826510763,198.0,3
BBSE3,2022,2023,0.1499038925745008,199.0,3
WEGE3,2022,2023,0.1208641165322103,200.0,3
BEEF3,2022,2023,0.0900669265477597,201.0,3
GFSA3,2023,2024,4.06099442837024,1.0,1
HBOR3,2023,2024,2.8770080635822324,2.0,1
USIM5,2023,2024,2.6766692637720126,3.0,1
SYNE3,2023,2024,2.4806726697084382,4.0,1
PCAR3,2023,2024,2.221207263801497,5.0,1
IFCM3,2023,2024,2.1391823335076112,6.0,1
MYPK3,2023,2024,2.017265639223297,7.0,1
COGN3,2023,2024,1.9961880018640992,8.0,1
BRPR3,2023,2024,1.972228452272016,9.0,1
SEER3,2023,2024,1.9333218841099635,10.0,1
MLAS3,2023,2024,1.8554460452337056,11.0,1
CEAB3,2023,2024,1.7345060169907436,12.0,1
SEQL3,2023,2024,1.7296204129325663,13.0,1
CBAV3,2023,2024,1.723646687622444,14.0,1
MDNE3,2023,2024,1.6444346334853015,15.0,1
ANIM3,2023,2024,1.6330343451799672,16.0,1
LOGG3,2023,2024,1.560663391910529,17.0,1
LUPA3,2023,2024,1.528883228622472,18.0,1
HAPV3,2023,2024,1.498690099758519,19.0,1
MEAL3,2023,2024,1.4637344295906416,20.0,1
JHSF3,2023,2024,1.459548626865693,21.0,1
EVEN3,2023,2024,1.4360135050123746,22.0,1
GOAU4,2023,2024,1.4354720037729718,23.0,1
MTRE3,2023,2024,1.3926622232828063,24.0,1
SAPR11,2023,2024,1.3812068333376506,25.0,1
BHIA3,2023,2024,1.3519142658788086,26.0,1
ESPA3,2023,2024,1.3351282727653964,27.0,1
RIAA3,2023,2024,1.3135633490826724,28.0,1
TRIS3,2023,2024,1.2929408166097522,29.0,1
AXIA3,2023,2024,1.2256561469780032,30.0,1
CAML3,2023,2024,1.2213833371260003,31.0,1
IRBR3,2023,2024,1.2076514459375014,32.0,1
PGMN3,2023,2024,1.1988167231446183,33.0,1
BRIT3,2023,2024,1.181195749184944,34.0,1
GGBR4,2023,2024,1.155998110459885,35.0,1
IGTI11,2023,2024,1.151683495087042,36.0,1
CSNA3,2023,2024,1.148982220408136,37.0,1
CASH3,2023,2024,1.1403969878626414,38.0,1
EZTC3,2023,2024,1.139203307259672,39.0,1
ZAMP3,2023,2024,1.126387205494648,40.0,1
ENAT3,2023,2024,1.1250634402540782,41.0,1
VLID3,2023,2024,1.1011912220407176,42.0,1
JBSS3,2023,2024,1.093653428449389,43.0,1
NEOE3,2023,2024,1.0814913538995932,44.0,1
POSI3,2023,2024,1.07595269566355,45.0,1
MRVE3,2023,2024,1.0753247939611117,46.0,1
TOKY3,2023,2024,1.0685143460910111,47.0,1
ALOS3,2023,2024,1.0548338351251012,48.0,1
AURE3,2023,2024,1.0318187020237264,49.0,1
QUAL3,2023,2024,1.0223763770076728,50.0,1
ETER3,2023,2024,1.0149196402595684,51.0,1
AMAR3,2023,2024,1.0088389439378198,52.0,1
CSED3,2023,2024,1.0020357659773975,53.0,1
CYRE3,2023,2024,0.996398680964448,54.0,1
CPLE6,2023,2024,0.959436167005879,55.0,1
VIVT3,2023,2024,0.9567650967564943,56.0,1
BRFS3,2023,2024,0.95267081752788,57.0,1
ISAE4,2023,2024,0.9489805897007948,58.0,1
CIEL3,2023,2024,0.9459041431473696,59.0,1
CSMG3,2023,2024,0.945350032532166,60.0,1
DESK3,2023,2024,0.9299501429856714,61.0,1
DASA3,2023,2024,0.921174418273664,62.0,1
AGRO3,2023,2024,0.9072610124876151,63.0,1
JALL3,2023,2024,0.9025999576604016,64.0,2
PETR4,2023,2024,0.9002316221190304,65.0,2
DXCO3,2023,2024,0.894073203097255,66.0,2
NATU3,2023,2024,0.8920228153562215,67.0,2
LAVV3,2023,2024,0.8908630392456534,68.0,2
EMBJ3,2023,2024,0.8885596812196289,69.0,2
BRAP4,2023,2024,0.8870891365107563,70.0,2
MBRF3,2023,2024,0.8752342742771253,71.0,2
LIGT3,2023,2024,0.8646373904936995,72.0,2
BMOB3,2023,2024,0.8612799024540111,73.0,2
OPCT3,2023,2024,0.8589470960547426,74.0,2
AERI3,2023,2024,0.847824982244519,75.0,2
CRFB3,2023,2024,0.8313224907093472,76.0,2
TUPY3,2023,2024,0.822644082080931,77.0,2
ITSA4,2023,2024,0.8189975248464294,78.0,2
ALUP11,2023,2024,0.81251673288412,79.0,2
MOVI3,2023,2024,0.8112414909535054,80.0,2
ENBR3,2023,2024,0.8028909750982054,81.0,2
SOMA3,2023,2024,0.8007782992179149,82.0,2
ALPA4,2023,2024,0.7943446507076961,83.0,2
RAPT4,2023,2024,0.7840292222340273,84.0,2
RECV3,2023,2024,0.7684023894029981,85.0,2
SUZB3,2023,2024,0.7456204306556876,86.0,2
ROMI3,2023,2024,0.7422684881270754,87.0,2
BRAV3,2023,2024,0.7335373408211171,88.0,2
FESA4,2023,2024,0.7267382542127963,89.0,2
TIMS3,2023,2024,0.7156164505888246,90.0,2
CMIG4,2023,2024,0.7142930710180823,91.0,2
SBFG3,2023,2024,0.7107787753028071,92.0,2
POMO4,2023,2024,0.7085004883902378,93.0,2
SRNA3,2023,2024,0.7041476342580668,94.0,2
AURA33,2023,2024,0.6915302380394429,95.0,2
VALE3,2023,2024,0.6703695927949093,96.0,2
ENEV3,2023,2024,0.6676497779920335,97.0,2
JSLG3,2023,2024,0.6536638730472859,98.0,2
SOJA3,2023,2024,0.647757616689426,99.0,2
PRNR3,2023,2024,0.6425433811527707,100.0,2
VBBR3,2023,2024,0.6369503599907478,101.0,2
PSSA3,2023,2024,0.6305535593991974,102.0,2
SLCE3,2023,2024,0.6240082613541041,103.0,2
HBSA3,2023,2024,0.6163043604217427,104.0,2
AUAU3,2023,2024,0.6103949670558362,105.0,2
AESB3,2023,2024,0.5972841339485646,106.0,2
PNVL3,2023,2024,0.5908999911213897,107.0,2
UGPA3,2023,2024,0.5847142509085683,108.0,2
FLRY3,2023,2024,0.580593904972997,109.0,2
LWSA3,2023,2024,0.5776863726572004,110.0,2
CLSA3,2023,2024,0.5776684469619626,111.0,2
RANI3,2023,2024,0.5762963796587127,112.0,2
TEND3,2023,2024,0.5732035174623069,113.0,2
BLAU3,2023,2024,0.5667147981484697,114.0,2
ECOR3,2023,2024,0.5609922644658514,115.0,2
FRAS3,2023,2024,0.5547171681659526,116.0,2
TGMA3,2023,2024,0.5546546835693348,117.0,2
TASA4,2023,2024,0.5510559333133008,118.0,2
BOAS3,2023,2024,0.5464207539229677,119.0,2
YDUQ3,2023,2024,0.5451049623080132,120.0,2
CSAN3,2023,2024,0.53780363976732,121.0,2
SHUL4,2023,2024,0.5248403971131413,122.0,2
ENGI11,2023,2024,0.5220306902134864,123.0,2
TAEE11,2023,2024,0.5139229648974387,124.0,2
SMTO3,2023,2024,0.5139137546975867,125.0,2
EQTL3,2023,2024,0.5117444622958627,126.0,3
LREN3,2023,2024,0.5081923124014354,127.0,3
GRND3,2023,2024,0.4999765594471654,128.0,3
RAIZ4,2023,2024,0.4997994746267776,129.0,3
MILS3,2023,2024,0.4912567673572264,130.0,3
MDIA3,2023,2024,0.4886932109590641,131.0,3
KLBN11,2023,2024,0.4880623327552214,132.0,3
TTEN3,2023,2024,0.4613031722457776,133.0,3
CMIN3,2023,2024,0.4563990780580612,134.0,3
GMAT3,2023,2024,0.4561754740512356,135.0,3
CPFE3,2023,2024,0.4499910769158988,136.0,3
LJQQ3,2023,2024,0.4495508971142369,137.0,3
VULC3,2023,2024,0.4463891665237506,138.0,3
MGLU3,2023,2024,0.4440816220745484,139.0,3
ONCO3,2023,2024,0.4347265511696953,140.0,3
AMBP3,2023,2024,0.4335886128392807,141.0,3
MOTV3,2023,2024,0.4312851762471104,142.0,3
CXSE3,2023,2024,0.4311111003236246,143.0,3
DIRR3,2023,2024,0.4290738629170096,144.0,3
SIMH3,2023,2024,0.4236039221788211,145.0,3
VVEO3,2023,2024,0.422121430567988,146.0,3
MULT3,2023,2024,0.4213507939736585,147.0,3
WIZC3,2023,2024,0.4116955700635292,148.0,3
MATD3,2023,2024,0.4044978465593373,149.0,3
KEPL3,2023,2024,0.3998769009662771,150.0,3
PORT3,2023,2024,0.3834919976895376,151.0,3
PTBL3,2023,2024,0.3810329296684971,152.0,3
HYPE3,2023,2024,0.379631159593453,153.0,3
RAIL3,2023,2024,0.37539532611871,154.0,3
SMFT3,2023,2024,0.362388224664579,155.0,3
ABEV3,2023,2024,0.3505968762095212,156.0,3
ELMD3,2023,2024,0.3499993463875072,157.0,3
PRIO3,2023,2024,0.3467737762952725,158.0,3
RENT3,2023,2024,0.3442730124699799,159.0,3
SQIA3,2023,2024,0.3416977356991314,160.0,3
CVCB3,2023,2024,0.3401193745113676,161.0,3
VITT3,2023,2024,0.3334958141863519,162.0,3
UNIP6,2023,2024,0.3248157634735121,163.0,3
BRKM5,2023,2024,0.3219712987268383,164.0,3
AZZA3,2023,2024,0.3175310460229127,165.0,3
AALR3,2023,2024,0.3079303823865723,166.0,3
VAMO3,2023,2024,0.2946552652712444,167.0,3
RDOR3,2023,2024,0.2941221157078519,168.0,3
INTB3,2023,2024,0.2843788246922455,169.0,3
PLPL3,2023,2024,0.2757852249157247,170.0,3
VIVA3,2023,2024,0.2690344019833731,171.0,3
STBP3,2023,2024,0.2481938095571731,172.0,3
GGPS3,2023,2024,0.2476682766413118,173.0,3
B3SA3,2023,2024,0.2464376767163036,174.0,3
TOTS3,2023,2024,0.2428372407730454,175.0,3
LEVE3,2023,2024,0.2387417483383706,176.0,3
EGIE3,2023,2024,0.2237585441539981,177.0,3
CURY3,2023,2024,0.2074001888462694,178.0,3
ORVR3,2023,2024,0.1990364293389333,179.0,3
SAUD3,2023,2024,0.1963803340648273,180.0,3
TFCO4,2023,2024,0.1836495740836554,181.0,3
LOGN3,2023,2024,0.1730471249651034,182.0,3
BBSE3,2023,2024,0.145571938865875,183.0,3
RADL3,2023,2024,0.1090136515977519,184.0,3
WEGE3,2023,2024,0.097123394207593,185.0,3
BEEF3,2023,2024,0.0656945064741107,186.0,3
VIVR3,2023,2024,0.0594924505513803,187.0,3
RCSL3,2023,2024,0.0014113746115879,188.0,3
SEQL3,2024,2025,6.720036818676171,1.0,1
GFSA3,2024,2025,6.468078682263951,2.0,1
BHIA3,2024,2025,6.2601278131956235,3.0,1
HBOR3,2024,2025,5.203229826825453,4.0,1
VVEO3,2024,2025,4.568489607067584,5.0,1
HBRE3,2024,2025,3.839419065565145,6.0,1
COGN3,2024,2025,3.5138199972784916,7.0,1
AERI3,2024,2025,3.5043109539340276,8.0,1
DASA3,2024,2025,3.453909465039082,9.0,1
QUAL3,2024,2025,3.3394548965336015,10.0,1
PCAR3,2024,2025,3.273520349528227,11.0,1
MTRE3,2024,2025,2.6469161314942142,12.0,1
USIM5,2024,2025,2.4834062439422664,13.0,1
MYPK3,2024,2025,2.3371448465878975,14.0,1
ETER3,2024,2025,2.1373848277162804,15.0,1
ANIM3,2024,2025,2.050630371879966,16.0,1
PFRM3,2024,2025,2.01371680695553,17.0,1
SEER3,2024,2025,2.0101455339038896,18.0,1
MLAS3,2024,2025,1.9413397030680093,19.0,1
JHSF3,2024,2025,1.931449087124536,20.0,1
PGMN3,2024,2025,1.7793177469375188,21.0,1
IRBR3,2024,2025,1.7742941354253516,22.0,1
MRVE3,2024,2025,1.7672302163945075,23.0,1
GOAU4,2024,2025,1.7038744326419064,24.0,1
HAPV3,2024,2025,1.6985894561806851,25.0,1
EZTC3,2024,2025,1.6927019045200693,26.0,1
LOGG3,2024,2025,1.664631495075008,27.0,1
MELK3,2024,2025,1.6611906063658193,28.0,1
TRIS3,2024,2025,1.5867105509035655,29.0,1
MDNE3,2024,2025,1.5675739273022449,30.0,1
POSI3,2024,2025,1.5145062188022569,31.0,1
EVEN3,2024,2025,1.508226716609145,32.0,1
GGBR4,2024,2025,1.481908546551691,33.0,1
RIAA3,2024,2025,1.4704588260893234,34.0,1
LIGT3,2024,2025,1.4489047773233246,35.0,1
SYNE3,2024,2025,1.436208654645983,36.0,1
NEOE3,2024,2025,1.4038643634638044,37.0,1
AXIA3,2024,2025,1.3938941628457029,38.0,1
VTRU3,2024,2025,1.3733444896349891,39.0,1
VLID3,2024,2025,1.3532110331697766,40.0,1
SAPR11,2024,2025,1.2657864489244426,41.0,1
IGTI11,2024,2025,1.249758443939918,42.0,1
ALOS3,2024,2025,1.24255198097787,43.0,1
DXCO3,2024,2025,1.2396988192713474,44.0,1
MGLU3,2024,2025,1.2374587648284257,45.0,1
ZAMP3,2024,2025,1.2306355694379676,46.0,1
LWSA3,2024,2025,1.2274817666591833,47.0,1
ROMI3,2024,2025,1.2267717024113791,48.0,1
ONCO3,2024,2025,1.213183590627396,49.0,1
CYRE3,2024,2025,1.2025558671716496,50.0,1
MOVI3,2024,2025,1.158047795284387,51.0,1
CAML3,2024,2025,1.146913356548205,52.0,1
AUAU3,2024,2025,1.1079484977083311,53.0,1
CEAB3,2024,2025,1.103362489815774,54.0,1
BLAU3,2024,2025,1.0959551666913925,55.0,1
TUPY3,2024,2025,1.088140518692292,56.0,1
CSED3,2024,2025,1.081538120868443,57.0,1
CASH3,2024,2025,1.0405756076885202,58.0,1
NATU3,2024,2025,1.033379346106414,59.0,1
YDUQ3,2024,2025,1.0325942027442645,60.0,1
CRFB3,2024,2025,1.0317184762212417,61.0,2
JALL3,2024,2025,1.012147133805016,62.0,2
AURE3,2024,2025,0.9980173419773096,63.0,2
SBFG3,2024,2025,0.9848682739247758,64.0,2
BMOB3,2024,2025,0.9813943034380802,65.0,2
AZEV4,2024,2025,0.9754501698808384,66.0,2
SRNA3,2024,2025,0.968582362067946,67.0,2
CSMG3,2024,2025,0.9635348102025172,68.0,2
ISAE4,2024,2025,0.9628737875012076,69.0,2
FESA4,2024,2025,0.9488918481290858,70.0,2
CPLE6,2024,2025,0.936175612562558,71.0,2
VIVT3,2024,2025,0.9251922256448498,72.0,2
FIQE3,2024,2025,0.9206228719882664,73.0,2
MATD3,2024,2025,0.8985446997158987,74.0,2
RAPT4,2024,2025,0.8889883323884594,75.0,2
CMIG4,2024,2025,0.8739636536186945,76.0,2
CBAV3,2024,2025,0.8706679447690162,77.0,2
LREN3,2024,2025,0.8646341362847921,78.0,2
BRIT3,2024,2025,0.8562677139014137,79.0,2
AGRO3,2024,2025,0.8533904676519403,80.0,2
ITSA4,2024,2025,0.823315830051277,81.0,2
CSNA3,2024,2025,0.820588045142898,82.0,2
ALUP11,2024,2025,0.8200715013105283,83.0,2
LAVV3,2024,2025,0.8198692571436912,84.0,2
CIEL3,2024,2025,0.8136124167924745,85.0,2
PNVL3,2024,2025,0.8111809420588089,86.0,2
TASA4,2024,2025,0.8099100809546538,87.0,2
RECV3,2024,2025,0.807053412967995,88.0,2
ENJU3,2024,2025,0.8049352025884741,89.0,2
MDIA3,2024,2025,0.7878710582135359,90.0,2
CSAN3,2024,2025,0.7853409365391539,91.0,2
LJQQ3,2024,2025,0.7802979077752474,92.0,2
VALE3,2024,2025,0.7731407131002508,93.0,2
BRAV3,2024,2025,0.7483082196237447,94.0,2
ENEV3,2024,2025,0.7444584015023299,95.0,2
DESK3,2024,2025,0.7394028461007746,96.0,2
RAIZ4,2024,2025,0.7377498324457848,97.0,2
PETR4,2024,2025,0.7355471906343564,98.0,2
TTEN3,2024,2025,0.7311859454543128,99.0,2
VBBR3,2024,2025,0.7256654981904399,100.0,2
AMBP3,2024,2025,0.7232718415472937,101.0,2
ENAT3,2024,2025,0.7221501951968615,102.0,2
OPCT3,2024,2025,0.710121367954977,103.0,2
ECOR3,2024,2025,0.7051503969006461,104.0,2
GRND3,2024,2025,0.7013185715394166,105.0,2
SIMH3,2024,2025,0.6936648978158887,106.0,2
JSLG3,2024,2025,0.6790730308051559,107.0,2
ENGI11,2024,2025,0.6624728359401038,108.0,2
HYPE3,2024,2025,0.6621296440445377,109.0,2
TEND3,2024,2025,0.6569870407225183,110.0,2
PSSA3,2024,2025,0.6561639089702859,111.0,2
FLRY3,2024,2025,0.6532571156735282,112.0,2
SOJA3,2024,2025,0.6490652109674313,113.0,2
VITT3,2024,2025,0.6474477764111538,114.0,2
JBSS3,2024,2025,0.6456773273990268,115.0,2
SLCE3,2024,2025,0.6379072912213384,116.0,2
SHUL4,2024,2025,0.6369974468094036,117.0,2
EQTL3,2024,2025,0.6359061932598016,118.0,2
PRNR3,2024,2025,0.6307485802989407,119.0,2
AESB3,2024,2025,0.6217517209932845,120.0,2
SBSP3,2024,2025,0.620518968690543,121.0,3
RANI3,2024,2025,0.6175098944595586,122.0,3
ALPA4,2024,2025,0.6093920764971026,123.0,3
VAMO3,2024,2025,0.608437623539692,124.0,3
WIZC3,2024,2025,0.6013138654272607,125.0,3
EMBJ3,2024,2025,0.5993014729860344,126.0,3
UGPA3,2024,2025,0.5991172583442248,127.0,3
MILS3,2024,2025,0.5954960144292007,128.0,3
PTBL3,2024,2025,0.5894478723533885,129.0,3
SMTO3,2024,2025,0.5882238201958658,130.0,3
GMAT3,2024,2025,0.5882097713216204,131.0,3
CSUD3,2024,2025,0.5858824354819571,132.0,3
TAEE11,2024,2025,0.5754723163449461,133.0,3
RENT3,2024,2025,0.5678838269030266,134.0,3
POMO4,2024,2025,0.5649344923982368,135.0,3
MOTV3,2024,2025,0.5601738358713788,136.0,3
SUZB3,2024,2025,0.5562216813628561,137.0,3
TGMA3,2024,2025,0.551175579432428,138.0,3
MULT3,2024,2025,0.5501937795122123,139.0,3
CVCB3,2024,2025,0.5476137012630041,140.0,3
AZZA3,2024,2025,0.5386263753369734,141.0,3
ABEV3,2024,2025,0.5309019139355876,142.0,3
VULC3,2024,2025,0.5176357632913817,143.0,3
CLSA3,2024,2025,0.5162735918730137,144.0,3
CPFE3,2024,2025,0.5084790827842366,145.0,3
MBRF3,2024,2025,0.5069533689199051,146.0,3
DIRR3,2024,2025,0.4889284134819304,147.0,3
UNIP6,2024,2025,0.4869184269540328,148.0,3
PRIO3,2024,2025,0.486145012866414,149.0,3
HBSA3,2024,2025,0.4802126725093102,150.0,3
KEPL3,2024,2025,0.443776478926436,151.0,3
VIVA3,2024,2025,0.4418374491248603,152.0,3
SMFT3,2024,2025,0.4216763194791455,153.0,3
BRFS3,2024,2025,0.4189909118650929,154.0,3
CMIN3,2024,2025,0.4126085118974622,155.0,3
AURA33,2024,2025,0.4012188802674796,156.0,3
FRAS3,2024,2025,0.3930973426358659,157.0,3
RDOR3,2024,2025,0.3922726933800453,158.0,3
PORT3,2024,2025,0.3803292717037562,159.0,3
ARML3,2024,2025,0.3775790130726977,160.0,3
RAIL3,2024,2025,0.3733177732311679,161.0,3
INTB3,2024,2025,0.3668661684117761,162.0,3
KLBN11,2024,2025,0.3619148809459208,163.0,3
ELMD3,2024,2025,0.3592758417993503,164.0,3
PLPL3,2024,2025,0.3522380203921888,165.0,3
B3SA3,2024,2025,0.3419489689496626,166.0,3
EGIE3,2024,2025,0.3060939325228102,167.0,3
CXSE3,2024,2025,0.2956075471698113,168.0,3
GGPS3,2024,2025,0.2817895268882994,169.0,3
TFCO4,2024,2025,0.2619263962054944,170.0,3
TOTS3,2024,2025,0.2589711359583164,171.0,3
ORVR3,2024,2025,0.2333049107023229,172.0,3
LEVE3,2024,2025,0.2266746319327917,173.0,3
SAUD3,2024,2025,0.198576542116595,174.0,3
STBP3,2024,2025,0.1948552953862209,175.0,3
BEEF3,2024,2025,0.1708493290530818,176.0,3
BBSE3,2024,2025,0.1574030750563896,177.0,3
CURY3,2024,2025,0.1529657883381961,178.0,3
RADL3,2024,2025,0.1402346015309064,179.0,3
WEGE3,2024,2025,0.1091951772288713,180.0,3
BRKM5,2024,2025,0.0058992629014877,181.0,3
